achi	acha	V;PFV
achi	achi	V;IPFV
achi	achmis	V;HAB_A
achi	achmisa	V;PFV;HAB_A
achi	achisi	V;IPFV;PROG
achi	achri	V;PST.yet
achi	achbai	V;PST.DUR
achi	achyantana	V;PFV;PST.yesterday
achi	achshina	V;PST.days
achi	achpaoni	V;PST.REM
achi	achnonkota	V;FUT.INM
achi	achi kai	V;IPFV;FUT.INM
achi	achbira	V;PFV;DUB
achi	achbirai	V;IPFV;DUB
achi	achkoinsi	V;ASER
achi	achanaka	V;EST;HAB_M
achi	achkatsi iki	V;DES
achi	achrabea	V;PFV;DUAL
achi	achrabei	V;IPFV;DUAL
achi	achbotana	V;EST;PLU
achi	achma	V;PFV;NEG
achi	achmai	V;IPFV;NEG
achi	achmashina	V;PST.days;NEG
achi	achyohma	V;NEG.never
achi	achkean	V;NEG.FRUS
achi	achberana	V;TR;PFV;MOV.VEN
achi	achkerana	V;INTR;PFV;MOV.VEN
achi	achbaina	V;TR;PFV;MOV.ANDA
achi	achkaina	V;INTR;PFV;MOV.ANDA
achi	achbokona	V;TR;PFV;MOV.around
achi	achakea	V;INTR;PFV;MOV.around
achi	achakea	V;PFV;MOV.passing
achi	achpakea	V;PFV;MOV.down
achi	achina	V;PFV;MOV.up
achi	achtana	V;PFV;MOV.goto
achi	achona	V;PFV;BEN
achi	acharana	V;PFV;MAL
achi	achmakarana	V;PFV;CAU;MAL
achi	achmai	V;IPFV;CAU
achi	achma	V;PFV;CAU
achi	achakoa	V;PFV;DIM
achi	achekoi	V;IPFV;DIM
achi	acharanhakoa	V;PFV;MAL;DIM
achi	achekoni	V;PST.REM;DIM
achimai	achima	V;PFV
achimai	achimai	V;IPFV
achimai	achimamis	V;HAB_A
achimai	achimamisa	V;PFV;HAB_A
achimai	achimaisi	V;IPFV;PROG
achimai	achimari	V;PST.yet
achimai	achimabai	V;PST.DUR
achimai	achimayantana	V;PFV;PST.yesterday
achimai	achimashina	V;PST.days
achimai	achimapaoni	V;PST.REM
achimai	achimanonkota	V;FUT.INM
achimai	achimai kai	V;IPFV;FUT.INM
achimai	achimabira	V;PFV;DUB
achimai	achimabirai	V;IPFV;DUB
achimai	achimakoinsi	V;ASER
achimai	achimanaka	V;EST;HAB_M
achimai	achimakatsi iki	V;DES
achimai	achimarabea	V;PFV;DUAL
achimai	achimarabei	V;IPFV;DUAL
achimai	achimabotana	V;EST;PLU
achimai	achimama	V;PFV;NEG
achimai	achimamai	V;IPFV;NEG
achimai	achimamashina	V;PST.days;NEG
achimai	achimayohma	V;NEG.never
achimai	achimakean	V;NEG.FRUS
achimai	achimaberana	V;TR;PFV;MOV.VEN
achimai	achimakerana	V;INTR;PFV;MOV.VEN
achimai	achimabaina	V;TR;PFV;MOV.ANDA
achimai	achimakaina	V;INTR;PFV;MOV.ANDA
achimai	achimabokona	V;TR;PFV;MOV.around
achimai	achimakea	V;INTR;PFV;MOV.around
achimai	achimakea	V;PFV;MOV.passing
achimai	achimapakea	V;PFV;MOV.down
achimai	achimaina	V;PFV;MOV.up
achimai	achimatana	V;PFV;MOV.goto
achimai	achimahona	V;PFV;BEN
achimai	achimarana	V;PFV;MAL
achimai	achimamakarana	V;PFV;CAU;MAL
achimai	achimamai	V;IPFV;CAU
achimai	achimama	V;PFV;CAU
achimai	achimahakoa	V;PFV;DIM
achimai	achimahekoi	V;IPFV;DIM
achimai	achimaranhakoa	V;PFV;MAL;DIM
achimai	achimahekoni	V;PST.REM;DIM
aki	akmis	V;HAB_A
aki	akmisa	V;PFV;HAB_A
aki	akisi	V;IPFV;PROG
aki	akri	V;PST.yet
aki	akbai	V;PST.DUR
aki	akyantana	V;PFV;PST.yesterday
aki	akshina	V;PST.days
aki	akpaoni	V;PST.REM
aki	aknonkota	V;FUT.INM
aki	aki kai	V;IPFV;FUT.INM
aki	akbira	V;PFV;DUB
aki	akbirai	V;IPFV;DUB
aki	akoinsi	V;ASER
aki	akanaka	V;EST;HAB_M
aki	akatsi iki	V;DES
aki	akrabea	V;PFV;DUAL
aki	akrabei	V;IPFV;DUAL
aki	akbotana	V;EST;PLU
aki	akma	V;PFV;NEG
aki	akmai	V;IPFV;NEG
aki	akmashina	V;PST.days;NEG
aki	akyohma	V;NEG.never
aki	akean	V;NEG.FRUS
aki	akberana	V;TR;PFV;MOV.VEN
aki	akerana	V;INTR;PFV;MOV.VEN
aki	akbaina	V;TR;PFV;MOV.ANDA
aki	akaina	V;INTR;PFV;MOV.ANDA
aki	akbokona	V;TR;PFV;MOV.around
aki	akakea	V;INTR;PFV;MOV.around
aki	akakea	V;PFV;MOV.passing
aki	akpakea	V;PFV;MOV.down
aki	akina	V;PFV;MOV.up
aki	aktana	V;PFV;MOV.goto
aki	akarana	V;PFV;MAL
aki	akmakarana	V;PFV;CAU;MAL
aki	akmai	V;IPFV;CAU
aki	akma	V;PFV;CAU
aki	akhakoa	V;PFV;DIM
aki	akhekoi	V;IPFV;DIM
aki	akaranhakoa	V;PFV;MAL;DIM
aki	akhekoni	V;PST.REM;DIM
ayai	aya	V;PFV
ayai	ayamis	V;HAB_A
ayai	ayamisa	V;PFV;HAB_A
ayai	ayaisi	V;IPFV;PROG
ayai	ayari	V;PST.yet
ayai	ayabai	V;PST.DUR
ayai	ayayantana	V;PFV;PST.yesterday
ayai	ayashina	V;PST.days
ayai	ayapaoni	V;PST.REM
ayai	ayanonkota	V;FUT.INM
ayai	ayai kai	V;IPFV;FUT.INM
ayai	ayabira	V;PFV;DUB
ayai	ayabirai	V;IPFV;DUB
ayai	ayakoinsi	V;ASER
ayai	ayanaka	V;EST;HAB_M
ayai	ayakatsi iki	V;DES
ayai	ayarabea	V;PFV;DUAL
ayai	ayarabei	V;IPFV;DUAL
ayai	ayabotana	V;EST;PLU
ayai	ayama	V;PFV;NEG
ayai	ayamai	V;IPFV;NEG
ayai	ayamashina	V;PST.days;NEG
ayai	ayakean	V;NEG.FRUS
ayai	ayaberana	V;TR;PFV;MOV.VEN
ayai	ayakerana	V;INTR;PFV;MOV.VEN
ayai	ayabaina	V;TR;PFV;MOV.ANDA
ayai	ayakaina	V;INTR;PFV;MOV.ANDA
ayai	ayabokona	V;TR;PFV;MOV.around
ayai	ayakea	V;INTR;PFV;MOV.around
ayai	ayakea	V;PFV;MOV.passing
ayai	ayapakea	V;PFV;MOV.down
ayai	ayatana	V;PFV;MOV.goto
ayai	ayahona	V;PFV;BEN
ayai	ayarana	V;PFV;MAL
ayai	ayamakarana	V;PFV;CAU;MAL
ayai	ayamai	V;IPFV;CAU
ayai	ayama	V;PFV;CAU
ayai	ayahakoa	V;PFV;DIM
ayai	ayahekoi	V;IPFV;DIM
ayai	ayaranhakoa	V;PFV;MAL;DIM
ayai	ayahekoni	V;PST.REM;DIM
banai	bana	V;PFV
banai	banai	V;IPFV
banai	banamis	V;HAB_A
banai	banamisa	V;PFV;HAB_A
banai	banaisi	V;IPFV;PROG
banai	banari	V;PST.yet
banai	banayantana	V;PFV;PST.yesterday
banai	banapaoni	V;PST.REM
banai	bananonkota	V;FUT.INM
banai	banai kai	V;IPFV;FUT.INM
banai	banabira	V;PFV;DUB
banai	banabirai	V;IPFV;DUB
banai	banakoinsi	V;ASER
banai	bananaka	V;EST;HAB_M
banai	banakatsi iki	V;DES
banai	banarabea	V;PFV;DUAL
banai	banarabei	V;IPFV;DUAL
banai	banabotana	V;EST;PLU
banai	banama	V;PFV;NEG
banai	banamai	V;IPFV;NEG
banai	banamashina	V;PST.days;NEG
banai	banayohma	V;NEG.never
banai	banakean	V;NEG.FRUS
banai	banaberana	V;TR;PFV;MOV.VEN
banai	banakerana	V;INTR;PFV;MOV.VEN
banai	banabaina	V;TR;PFV;MOV.ANDA
banai	banakaina	V;INTR;PFV;MOV.ANDA
banai	banabokona	V;TR;PFV;MOV.around
banai	banakea	V;INTR;PFV;MOV.around
banai	banakea	V;PFV;MOV.passing
banai	banapakea	V;PFV;MOV.down
banai	banaina	V;PFV;MOV.up
banai	banatana	V;PFV;MOV.goto
banai	banahona	V;PFV;BEN
banai	banarana	V;PFV;MAL
banai	banamakarana	V;PFV;CAU;MAL
banai	banamai	V;IPFV;CAU
banai	banama	V;PFV;CAU
banai	banahakoa	V;PFV;DIM
banai	banahekoi	V;IPFV;DIM
banai	banaranhakoa	V;PFV;MAL;DIM
banai	banahekoni	V;PST.REM;DIM
bei	bei	V;IPFV
bei	bemis	V;HAB_A
bei	bemisa	V;PFV;HAB_A
bei	beisi	V;IPFV;PROG
bei	beri	V;PST.yet
bei	bebai	V;PST.DUR
bei	beyantana	V;PFV;PST.yesterday
bei	beshina	V;PST.days
bei	bepaoni	V;PST.REM
bei	benonkota	V;FUT.INM
bei	bei kai	V;IPFV;FUT.INM
bei	bebira	V;PFV;DUB
bei	bebirai	V;IPFV;DUB
bei	bekoinsi	V;ASER
bei	beanaka	V;EST;HAB_M
bei	bekatsi iki	V;DES
bei	berabea	V;PFV;DUAL
bei	berabei	V;IPFV;DUAL
bei	bebotana	V;EST;PLU
bei	bema	V;PFV;NEG
bei	bemai	V;IPFV;NEG
bei	bemashina	V;PST.days;NEG
bei	beyohma	V;NEG.never
bei	bekean	V;NEG.FRUS
bei	beberana	V;TR;PFV;MOV.VEN
bei	bekerana	V;INTR;PFV;MOV.VEN
bei	bebaina	V;TR;PFV;MOV.ANDA
bei	bekaina	V;INTR;PFV;MOV.ANDA
bei	bebokona	V;TR;PFV;MOV.around
bei	beakea	V;INTR;PFV;MOV.around
bei	beakea	V;PFV;MOV.passing
bei	bepakea	V;PFV;MOV.down
bei	beina	V;PFV;MOV.up
bei	betana	V;PFV;MOV.goto
bei	behona	V;PFV;BEN
bei	bearana	V;PFV;MAL
bei	bemakarana	V;PFV;CAU;MAL
bei	bemai	V;IPFV;CAU
bei	bema	V;PFV;CAU
bei	behakoa	V;PFV;DIM
bei	behekoi	V;IPFV;DIM
bei	bearanhakoa	V;PFV;MAL;DIM
bei	behekoni	V;PST.REM;DIM
beni	bena	V;PFV
beni	beni	V;IPFV
beni	benmis	V;HAB_A
beni	benmisa	V;PFV;HAB_A
beni	benisi	V;IPFV;PROG
beni	benri	V;PST.yet
beni	benbai	V;PST.DUR
beni	benyantana	V;PFV;PST.yesterday
beni	benshina	V;PST.days
beni	benpaoni	V;PST.REM
beni	benonkota	V;FUT.INM
beni	beni kai	V;IPFV;FUT.INM
beni	benbira	V;PFV;DUB
beni	benbirai	V;IPFV;DUB
beni	benkoinsi	V;ASER
beni	benanaka	V;EST;HAB_M
beni	benkatsi iki	V;DES
beni	benrabea	V;PFV;DUAL
beni	benrabei	V;IPFV;DUAL
beni	benbotana	V;EST;PLU
beni	benma	V;PFV;NEG
beni	benmai	V;IPFV;NEG
beni	benmashina	V;PST.days;NEG
beni	benyohma	V;NEG.never
beni	benkean	V;NEG.FRUS
beni	benberana	V;TR;PFV;MOV.VEN
beni	benkerana	V;INTR;PFV;MOV.VEN
beni	benbaina	V;TR;PFV;MOV.ANDA
beni	benkaina	V;INTR;PFV;MOV.ANDA
beni	benbokona	V;TR;PFV;MOV.around
beni	benakea	V;INTR;PFV;MOV.around
beni	benakea	V;PFV;MOV.passing
beni	benpakea	V;PFV;MOV.down
beni	benina	V;PFV;MOV.up
beni	bentana	V;PFV;MOV.goto
beni	benhona	V;PFV;BEN
beni	benarana	V;PFV;MAL
beni	benmakarana	V;PFV;CAU;MAL
beni	benmai	V;IPFV;CAU
beni	benma	V;PFV;CAU
beni	benhakoa	V;PFV;DIM
beni	benhekoi	V;IPFV;DIM
beni	benaranhakoa	V;PFV;MAL;DIM
beni	benhekoni	V;PST.REM;DIM
bewa	bewa	V;PFV
bewa	bewi	V;IPFV
bewa	bewmis	V;HAB_A
bewa	bewmisa	V;PFV;HAB_A
bewa	bewisi	V;IPFV;PROG
bewa	bewri	V;PST.yet
bewa	bewbai	V;PST.DUR
bewa	bewyantana	V;PFV;PST.yesterday
bewa	bewshina	V;PST.days
bewa	bewpaoni	V;PST.REM
bewa	bewnonkota	V;FUT.INM
bewa	bewi kai	V;IPFV;FUT.INM
bewa	bewbira	V;PFV;DUB
bewa	bewbirai	V;IPFV;DUB
bewa	bewkoinsi	V;ASER
bewa	bewanaka	V;EST;HAB_M
bewa	bewkatsi iki	V;DES
bewa	bewrabea	V;PFV;DUAL
bewa	bewrabei	V;IPFV;DUAL
bewa	bewbotana	V;EST;PLU
bewa	bewma	V;PFV;NEG
bewa	bewmai	V;IPFV;NEG
bewa	bewmashina	V;PST.days;NEG
bewa	bewyohma	V;NEG.never
bewa	bewkean	V;NEG.FRUS
bewa	bewberana	V;TR;PFV;MOV.VEN
bewa	bewkerana	V;INTR;PFV;MOV.VEN
bewa	bewbaina	V;TR;PFV;MOV.ANDA
bewa	bewkaina	V;INTR;PFV;MOV.ANDA
bewa	bewbokona	V;TR;PFV;MOV.around
bewa	bewakea	V;INTR;PFV;MOV.around
bewa	bewakea	V;PFV;MOV.passing
bewa	bewpakea	V;PFV;MOV.down
bewa	bewina	V;PFV;MOV.up
bewa	bewtana	V;PFV;MOV.goto
bewa	bewhona	V;PFV;BEN
bewa	bewarana	V;PFV;MAL
bewa	bewmakarana	V;PFV;CAU;MAL
bewa	bewmai	V;IPFV;CAU
bewa	bewma	V;PFV;CAU
bewa	bewhakoa	V;PFV;DIM
bewa	bewhekoi	V;IPFV;DIM
bewa	bewaranhakoa	V;PFV;MAL;DIM
bewa	bewhekoni	V;PST.REM;DIM
bi	bi	V;IPFV
bi	bimis	V;HAB_A
bi	bimisa	V;PFV;HAB_A
bi	bisi	V;IPFV;PROG
bi	biri	V;PST.yet
bi	bibai	V;PST.DUR
bi	biyantana	V;PFV;PST.yesterday
bi	bishina	V;PST.days
bi	bipaoni	V;PST.REM
bi	binonkota	V;FUT.INM
bi	bi kai	V;IPFV;FUT.INM
bi	bibira	V;PFV;DUB
bi	bibirai	V;IPFV;DUB
bi	bikoinsi	V;ASER
bi	bianaka	V;EST;HAB_M
bi	bikatsi iki	V;DES
bi	birabea	V;PFV;DUAL
bi	birabei	V;IPFV;DUAL
bi	bibotana	V;EST;PLU
bi	bima	V;PFV;NEG
bi	bimai	V;IPFV;NEG
bi	bimashina	V;PST.days;NEG
bi	biyohma	V;NEG.never
bi	bikean	V;NEG.FRUS
bi	biberana	V;TR;PFV;MOV.VEN
bi	bikerana	V;INTR;PFV;MOV.VEN
bi	bibaina	V;TR;PFV;MOV.ANDA
bi	bikaina	V;INTR;PFV;MOV.ANDA
bi	bibokona	V;TR;PFV;MOV.around
bi	biakea	V;INTR;PFV;MOV.around
bi	biakea	V;PFV;MOV.passing
bi	bipakea	V;PFV;MOV.down
bi	bina	V;PFV;MOV.up
bi	bitana	V;PFV;MOV.goto
bi	bihona	V;PFV;BEN
bi	biarana	V;PFV;MAL
bi	bimakarana	V;PFV;CAU;MAL
bi	bimai	V;IPFV;CAU
bi	bima	V;PFV;CAU
bi	bihakoa	V;PFV;DIM
bi	bihekoi	V;IPFV;DIM
bi	biaranhakoa	V;PFV;MAL;DIM
bi	bihekoni	V;PST.REM;DIM
boi	boa	V;PFV
boi	boi	V;IPFV
boi	bomis	V;HAB_A
boi	bomisa	V;PFV;HAB_A
boi	boisi	V;IPFV;PROG
boi	bori	V;PST.yet
boi	bobai	V;PST.DUR
boi	boyantana	V;PFV;PST.yesterday
boi	boshina	V;PST.days
boi	bopaoni	V;PST.REM
boi	bononkota	V;FUT.INM
boi	boi kai	V;IPFV;FUT.INM
boi	bobira	V;PFV;DUB
boi	bobirai	V;IPFV;DUB
boi	bokoinsi	V;ASER
boi	boanaka	V;EST;HAB_M
boi	bokatsi iki	V;DES
boi	borabea	V;PFV;DUAL
boi	borabei	V;IPFV;DUAL
boi	bobotana	V;EST;PLU
boi	boma	V;PFV;NEG
boi	bomai	V;IPFV;NEG
boi	bomashina	V;PST.days;NEG
boi	boyohma	V;NEG.never
boi	bokean	V;NEG.FRUS
boi	boberana	V;TR;PFV;MOV.VEN
boi	bokerana	V;INTR;PFV;MOV.VEN
boi	bobaina	V;TR;PFV;MOV.ANDA
boi	bokaina	V;INTR;PFV;MOV.ANDA
boi	bobokona	V;TR;PFV;MOV.around
boi	boakea	V;INTR;PFV;MOV.around
boi	boakea	V;PFV;MOV.passing
boi	bopakea	V;PFV;MOV.down
boi	boina	V;PFV;MOV.up
boi	botana	V;PFV;MOV.goto
boi	bohona	V;PFV;BEN
boi	boarana	V;PFV;MAL
boi	bomakarana	V;PFV;CAU;MAL
boi	bomai	V;IPFV;CAU
boi	boma	V;PFV;CAU
boi	bohakoa	V;PFV;DIM
boi	bohekoi	V;IPFV;DIM
boi	boaranhakoa	V;PFV;MAL;DIM
boi	bohekoni	V;PST.REM;DIM
choki	choka	V;PFV
choki	chokmis	V;HAB_A
choki	chokmisa	V;PFV;HAB_A
choki	chokisi	V;IPFV;PROG
choki	chokri	V;PST.yet
choki	chokbai	V;PST.DUR
choki	chokyantana	V;PFV;PST.yesterday
choki	chokshina	V;PST.days
choki	chokpaoni	V;PST.REM
choki	choknonkota	V;FUT.INM
choki	choki kai	V;IPFV;FUT.INM
choki	chokbira	V;PFV;DUB
choki	chokbirai	V;IPFV;DUB
choki	chokoinsi	V;ASER
choki	chokanaka	V;EST;HAB_M
choki	chokatsi iki	V;DES
choki	chokrabea	V;PFV;DUAL
choki	chokrabei	V;IPFV;DUAL
choki	chokbotana	V;EST;PLU
choki	chokma	V;PFV;NEG
choki	chokmai	V;IPFV;NEG
choki	chokmashina	V;PST.days;NEG
choki	chokyohma	V;NEG.never
choki	chokean	V;NEG.FRUS
choki	chokberana	V;TR;PFV;MOV.VEN
choki	chokerana	V;INTR;PFV;MOV.VEN
choki	chokbaina	V;TR;PFV;MOV.ANDA
choki	chokaina	V;INTR;PFV;MOV.ANDA
choki	chokbokona	V;TR;PFV;MOV.around
choki	chokakea	V;INTR;PFV;MOV.around
choki	chokakea	V;PFV;MOV.passing
choki	chokpakea	V;PFV;MOV.down
choki	chokina	V;PFV;MOV.up
choki	choktana	V;PFV;MOV.goto
choki	chokhona	V;PFV;BEN
choki	chokarana	V;PFV;MAL
choki	chokmakarana	V;PFV;CAU;MAL
choki	chokmai	V;IPFV;CAU
choki	chokma	V;PFV;CAU
choki	chokhakoa	V;PFV;DIM
choki	chokhekoi	V;IPFV;DIM
choki	chokaranhakoa	V;PFV;MAL;DIM
choki	chokhekoni	V;PST.REM;DIM
ewea	ewei	V;IPFV
ewea	ewemis	V;HAB_A
ewea	ewemisa	V;PFV;HAB_A
ewea	eweisi	V;IPFV;PROG
ewea	eweri	V;PST.yet
ewea	ewebai	V;PST.DUR
ewea	eweyantana	V;PFV;PST.yesterday
ewea	eweshina	V;PST.days
ewea	ewepaoni	V;PST.REM
ewea	ewenonkota	V;FUT.INM
ewea	ewei kai	V;IPFV;FUT.INM
ewea	ewebira	V;PFV;DUB
ewea	ewebirai	V;IPFV;DUB
ewea	ewekoinsi	V;ASER
ewea	eweanaka	V;EST;HAB_M
ewea	ewekatsi iki	V;DES
ewea	ewerabea	V;PFV;DUAL
ewea	ewerabei	V;IPFV;DUAL
ewea	ewebotana	V;EST;PLU
ewea	ewema	V;PFV;NEG
ewea	ewemai	V;IPFV;NEG
ewea	ewemashina	V;PST.days;NEG
ewea	eweyohma	V;NEG.never
ewea	ewekean	V;NEG.FRUS
ewea	eweberana	V;TR;PFV;MOV.VEN
ewea	ewekerana	V;INTR;PFV;MOV.VEN
ewea	ewebaina	V;TR;PFV;MOV.ANDA
ewea	ewekaina	V;INTR;PFV;MOV.ANDA
ewea	ewebokona	V;TR;PFV;MOV.around
ewea	eweakea	V;INTR;PFV;MOV.around
ewea	eweakea	V;PFV;MOV.passing
ewea	ewepakea	V;PFV;MOV.down
ewea	eweina	V;PFV;MOV.up
ewea	ewetana	V;PFV;MOV.goto
ewea	ewehona	V;PFV;BEN
ewea	ewearana	V;PFV;MAL
ewea	ewemakarana	V;PFV;CAU;MAL
ewea	ewemai	V;IPFV;CAU
ewea	ewema	V;PFV;CAU
ewea	ewehakoa	V;PFV;DIM
ewea	ewehekoi	V;IPFV;DIM
ewea	ewearanhakoa	V;PFV;MAL;DIM
ewea	ewehekoni	V;PST.REM;DIM
heai	heai	V;IPFV
heai	heamis	V;HAB_A
heai	heamisa	V;PFV;HAB_A
heai	heaisi	V;IPFV;PROG
heai	heari	V;PST.yet
heai	heabai	V;PST.DUR
heai	heayantana	V;PFV;PST.yesterday
heai	heashina	V;PST.days
heai	heapaoni	V;PST.REM
heai	heanonkota	V;FUT.INM
heai	heai kai	V;IPFV;FUT.INM
heai	heabira	V;PFV;DUB
heai	heabirai	V;IPFV;DUB
heai	heakoinsi	V;ASER
heai	heanaka	V;EST;HAB_M
heai	heakatsi iki	V;DES
heai	hearabea	V;PFV;DUAL
heai	hearabei	V;IPFV;DUAL
heai	heabotana	V;EST;PLU
heai	heama	V;PFV;NEG
heai	heamai	V;IPFV;NEG
heai	heamashina	V;PST.days;NEG
heai	heayohma	V;NEG.never
heai	heakean	V;NEG.FRUS
heai	heaberana	V;TR;PFV;MOV.VEN
heai	heakerana	V;INTR;PFV;MOV.VEN
heai	heabaina	V;TR;PFV;MOV.ANDA
heai	heakaina	V;INTR;PFV;MOV.ANDA
heai	heabokona	V;TR;PFV;MOV.around
heai	heakea	V;INTR;PFV;MOV.around
heai	heakea	V;PFV;MOV.passing
heai	heapakea	V;PFV;MOV.down
heai	heaina	V;PFV;MOV.up
heai	heatana	V;PFV;MOV.goto
heai	heahona	V;PFV;BEN
heai	hearana	V;PFV;MAL
heai	heamakarana	V;PFV;CAU;MAL
heai	heamai	V;IPFV;CAU
heai	heama	V;PFV;CAU
heai	heahakoa	V;PFV;DIM
heai	heahekoi	V;IPFV;DIM
heai	hearanhakoa	V;PFV;MAL;DIM
heai	heahekoni	V;PST.REM;DIM
hohoi	hohomis	V;HAB_A
hohoi	hohomisa	V;PFV;HAB_A
hohoi	hohoisi	V;IPFV;PROG
hohoi	hohori	V;PST.yet
hohoi	hohobai	V;PST.DUR
hohoi	hohoyantana	V;PFV;PST.yesterday
hohoi	hohoshina	V;PST.days
hohoi	hohopaoni	V;PST.REM
hohoi	hohononkota	V;FUT.INM
hohoi	hohoi kai	V;IPFV;FUT.INM
hohoi	hohobira	V;PFV;DUB
hohoi	hohobirai	V;IPFV;DUB
hohoi	hohokoinsi	V;ASER
hohoi	hohoanaka	V;EST;HAB_M
hohoi	hohokatsi iki	V;DES
hohoi	hohorabea	V;PFV;DUAL
hohoi	hohorabei	V;IPFV;DUAL
hohoi	hohobotana	V;EST;PLU
hohoi	hohoma	V;PFV;NEG
hohoi	hohomai	V;IPFV;NEG
hohoi	hohomashina	V;PST.days;NEG
hohoi	hohoyohma	V;NEG.never
hohoi	hohokean	V;NEG.FRUS
hohoi	hohoberana	V;TR;PFV;MOV.VEN
hohoi	hohokerana	V;INTR;PFV;MOV.VEN
hohoi	hohobaina	V;TR;PFV;MOV.ANDA
hohoi	hohokaina	V;INTR;PFV;MOV.ANDA
hohoi	hohobokona	V;TR;PFV;MOV.around
hohoi	hohoakea	V;INTR;PFV;MOV.around
hohoi	hohoakea	V;PFV;MOV.passing
hohoi	hohopakea	V;PFV;MOV.down
hohoi	hohoina	V;PFV;MOV.up
hohoi	hohotana	V;PFV;MOV.goto
hohoi	hohohona	V;PFV;BEN
hohoi	hohoarana	V;PFV;MAL
hohoi	hohomakarana	V;PFV;CAU;MAL
hohoi	hohomai	V;IPFV;CAU
hohoi	hohoma	V;PFV;CAU
hohoi	hohohakoa	V;PFV;DIM
hohoi	hohohekoi	V;IPFV;DIM
hohoi	hohoaranhakoa	V;PFV;MAL;DIM
hohoi	hohohekoni	V;PST.REM;DIM
iki	ika	V;PFV
iki	ikmis	V;HAB_A
iki	ikmisa	V;PFV;HAB_A
iki	ikisi	V;IPFV;PROG
iki	ikri	V;PST.yet
iki	ikbai	V;PST.DUR
iki	ikyantana	V;PFV;PST.yesterday
iki	ikshina	V;PST.days
iki	ikpaoni	V;PST.REM
iki	iknonkota	V;FUT.INM
iki	iki kai	V;IPFV;FUT.INM
iki	ikbira	V;PFV;DUB
iki	ikbirai	V;IPFV;DUB
iki	ikoinsi	V;ASER
iki	ikanaka	V;EST;HAB_M
iki	ikatsi iki	V;DES
iki	ikrabea	V;PFV;DUAL
iki	ikrabei	V;IPFV;DUAL
iki	ikbotana	V;EST;PLU
iki	ikma	V;PFV;NEG
iki	ikmai	V;IPFV;NEG
iki	ikmashina	V;PST.days;NEG
iki	ikyohma	V;NEG.never
iki	ikean	V;NEG.FRUS
iki	ikberana	V;TR;PFV;MOV.VEN
iki	ikerana	V;INTR;PFV;MOV.VEN
iki	ikbaina	V;TR;PFV;MOV.ANDA
iki	ikaina	V;INTR;PFV;MOV.ANDA
iki	ikbokona	V;TR;PFV;MOV.around
iki	ikakea	V;INTR;PFV;MOV.around
iki	ikakea	V;PFV;MOV.passing
iki	ikpakea	V;PFV;MOV.down
iki	ikina	V;PFV;MOV.up
iki	iktana	V;PFV;MOV.goto
iki	ikhona	V;PFV;BEN
iki	ikarana	V;PFV;MAL
iki	ikmakarana	V;PFV;CAU;MAL
iki	ikmai	V;IPFV;CAU
iki	ikma	V;PFV;CAU
iki	ikhakoa	V;PFV;DIM
iki	ikhekoi	V;IPFV;DIM
iki	ikaranhakoa	V;PFV;MAL;DIM
iki	ikhekoni	V;PST.REM;DIM
imatai	imata	V;PFV
imatai	imatamis	V;HAB_A
imatai	imatamisa	V;PFV;HAB_A
imatai	imataisi	V;IPFV;PROG
imatai	imatari	V;PST.yet
imatai	imatabai	V;PST.DUR
imatai	imatayantana	V;PFV;PST.yesterday
imatai	imatashina	V;PST.days
imatai	imatapaoni	V;PST.REM
imatai	imatanonkota	V;FUT.INM
imatai	imatai kai	V;IPFV;FUT.INM
imatai	imatabira	V;PFV;DUB
imatai	imatabirai	V;IPFV;DUB
imatai	imatakoinsi	V;ASER
imatai	imatanaka	V;EST;HAB_M
imatai	imatakatsi iki	V;DES
imatai	imatarabea	V;PFV;DUAL
imatai	imatarabei	V;IPFV;DUAL
imatai	imatabotana	V;EST;PLU
imatai	imatama	V;PFV;NEG
imatai	imatamai	V;IPFV;NEG
imatai	imatamashina	V;PST.days;NEG
imatai	imatayohma	V;NEG.never
imatai	imatakean	V;NEG.FRUS
imatai	imataberana	V;TR;PFV;MOV.VEN
imatai	imatakerana	V;INTR;PFV;MOV.VEN
imatai	imatabaina	V;TR;PFV;MOV.ANDA
imatai	imatakaina	V;INTR;PFV;MOV.ANDA
imatai	imatabokona	V;TR;PFV;MOV.around
imatai	imatakea	V;INTR;PFV;MOV.around
imatai	imatakea	V;PFV;MOV.passing
imatai	imatapakea	V;PFV;MOV.down
imatai	imataina	V;PFV;MOV.up
imatai	imatatana	V;PFV;MOV.goto
imatai	imatahona	V;PFV;BEN
imatai	imatarana	V;PFV;MAL
imatai	imatamakarana	V;PFV;CAU;MAL
imatai	imatamai	V;IPFV;CAU
imatai	imatama	V;PFV;CAU
imatai	imatahakoa	V;PFV;DIM
imatai	imatahekoi	V;IPFV;DIM
imatai	imataranhakoa	V;PFV;MAL;DIM
imatai	imatahekoni	V;PST.REM;DIM
inai	ina	V;PFV
inai	inai	V;IPFV
inai	inamis	V;HAB_A
inai	inamisa	V;PFV;HAB_A
inai	inaisi	V;IPFV;PROG
inai	inari	V;PST.yet
inai	inabai	V;PST.DUR
inai	inayantana	V;PFV;PST.yesterday
inai	inashina	V;PST.days
inai	inapaoni	V;PST.REM
inai	inanonkota	V;FUT.INM
inai	inai kai	V;IPFV;FUT.INM
inai	inabira	V;PFV;DUB
inai	inabirai	V;IPFV;DUB
inai	inakoinsi	V;ASER
inai	inanaka	V;EST;HAB_M
inai	inakatsi iki	V;DES
inai	inarabea	V;PFV;DUAL
inai	inarabei	V;IPFV;DUAL
inai	inabotana	V;EST;PLU
inai	inama	V;PFV;NEG
inai	inamai	V;IPFV;NEG
inai	inamashina	V;PST.days;NEG
inai	inayohma	V;NEG.never
inai	inakean	V;NEG.FRUS
inai	inaberana	V;TR;PFV;MOV.VEN
inai	inakerana	V;INTR;PFV;MOV.VEN
inai	inabaina	V;TR;PFV;MOV.ANDA
inai	inakaina	V;INTR;PFV;MOV.ANDA
inai	inabokona	V;TR;PFV;MOV.around
inai	inakea	V;INTR;PFV;MOV.around
inai	inakea	V;PFV;MOV.passing
inai	inapakea	V;PFV;MOV.down
inai	inaina	V;PFV;MOV.up
inai	inatana	V;PFV;MOV.goto
inai	inahona	V;PFV;BEN
inai	inarana	V;PFV;MAL
inai	inamakarana	V;PFV;CAU;MAL
inai	inamai	V;IPFV;CAU
inai	inama	V;PFV;CAU
inai	inahakoa	V;PFV;DIM
inai	inahekoi	V;IPFV;DIM
inai	inaranhakoa	V;PFV;MAL;DIM
inai	inahekoni	V;PST.REM;DIM
kai	kamis	V;HAB_A
kai	kamisa	V;PFV;HAB_A
kai	kaisi	V;IPFV;PROG
kai	kari	V;PST.yet
kai	kabai	V;PST.DUR
kai	kayantana	V;PFV;PST.yesterday
kai	kashina	V;PST.days
kai	kapaoni	V;PST.REM
kai	kai kai	V;IPFV;FUT.INM
kai	kabira	V;PFV;DUB
kai	kabirai	V;IPFV;DUB
kai	kakoinsi	V;ASER
kai	kanaka	V;EST;HAB_M
kai	kakatsi iki	V;DES
kai	karabei	V;IPFV;DUAL
kai	kabotana	V;EST;PLU
kai	kama	V;PFV;NEG
kai	kamai	V;IPFV;NEG
kai	kamashina	V;PST.days;NEG
kai	kayohma	V;NEG.never
kai	kakean	V;NEG.FRUS
kai	kaberana	V;TR;PFV;MOV.VEN
kai	kakerana	V;INTR;PFV;MOV.VEN
kai	kabaina	V;TR;PFV;MOV.ANDA
kai	kakaina	V;INTR;PFV;MOV.ANDA
kai	kabokona	V;TR;PFV;MOV.around
kai	kakea	V;INTR;PFV;MOV.around
kai	kakea	V;PFV;MOV.passing
kai	kapakea	V;PFV;MOV.down
kai	kaina	V;PFV;MOV.up
kai	katana	V;PFV;MOV.goto
kai	kahona	V;PFV;BEN
kai	karana	V;PFV;MAL
kai	kamakarana	V;PFV;CAU;MAL
kai	kamai	V;IPFV;CAU
kai	kama	V;PFV;CAU
kai	kahekoi	V;IPFV;DIM
kai	karanhakoa	V;PFV;MAL;DIM
kai	kahekoni	V;PST.REM;DIM
kenai	kenai	V;IPFV
kenai	kenamis	V;HAB_A
kenai	kenamisa	V;PFV;HAB_A
kenai	kenaisi	V;IPFV;PROG
kenai	kenari	V;PST.yet
kenai	kenabai	V;PST.DUR
kenai	kenayantana	V;PFV;PST.yesterday
kenai	kenashina	V;PST.days
kenai	kenapaoni	V;PST.REM
kenai	kenanonkota	V;FUT.INM
kenai	kenai kai	V;IPFV;FUT.INM
kenai	kenabira	V;PFV;DUB
kenai	kenabirai	V;IPFV;DUB
kenai	kenakoinsi	V;ASER
kenai	kenanaka	V;EST;HAB_M
kenai	kenakatsi iki	V;DES
kenai	kenarabea	V;PFV;DUAL
kenai	kenarabei	V;IPFV;DUAL
kenai	kenabotana	V;EST;PLU
kenai	kenama	V;PFV;NEG
kenai	kenamai	V;IPFV;NEG
kenai	kenamashina	V;PST.days;NEG
kenai	kenayohma	V;NEG.never
kenai	kenakean	V;NEG.FRUS
kenai	kenaberana	V;TR;PFV;MOV.VEN
kenai	kenakerana	V;INTR;PFV;MOV.VEN
kenai	kenabaina	V;TR;PFV;MOV.ANDA
kenai	kenakaina	V;INTR;PFV;MOV.ANDA
kenai	kenabokona	V;TR;PFV;MOV.around
kenai	kenakea	V;INTR;PFV;MOV.around
kenai	kenakea	V;PFV;MOV.passing
kenai	kenapakea	V;PFV;MOV.down
kenai	kenaina	V;PFV;MOV.up
kenai	kenatana	V;PFV;MOV.goto
kenai	kenahona	V;PFV;BEN
kenai	kenarana	V;PFV;MAL
kenai	kenamakarana	V;PFV;CAU;MAL
kenai	kenamai	V;IPFV;CAU
kenai	kenama	V;PFV;CAU
kenai	kenahakoa	V;PFV;DIM
kenai	kenahekoi	V;IPFV;DIM
kenai	kenaranhakoa	V;PFV;MAL;DIM
kenai	kenahekoni	V;PST.REM;DIM
kesai	kesamis	V;HAB_A
kesai	kesamisa	V;PFV;HAB_A
kesai	kesaisi	V;IPFV;PROG
kesai	kesari	V;PST.yet
kesai	kesabai	V;PST.DUR
kesai	kesayantana	V;PFV;PST.yesterday
kesai	kesashina	V;PST.days
kesai	kesapaoni	V;PST.REM
kesai	kesanonkota	V;FUT.INM
kesai	kesai kai	V;IPFV;FUT.INM
kesai	kesabira	V;PFV;DUB
kesai	kesabirai	V;IPFV;DUB
kesai	kesakoinsi	V;ASER
kesai	kesanaka	V;EST;HAB_M
kesai	kesakatsi iki	V;DES
kesai	kesarabea	V;PFV;DUAL
kesai	kesarabei	V;IPFV;DUAL
kesai	kesabotana	V;EST;PLU
kesai	kesama	V;PFV;NEG
kesai	kesamai	V;IPFV;NEG
kesai	kesamashina	V;PST.days;NEG
kesai	kesayohma	V;NEG.never
kesai	kesakean	V;NEG.FRUS
kesai	kesaberana	V;TR;PFV;MOV.VEN
kesai	kesakerana	V;INTR;PFV;MOV.VEN
kesai	kesabaina	V;TR;PFV;MOV.ANDA
kesai	kesakaina	V;INTR;PFV;MOV.ANDA
kesai	kesabokona	V;TR;PFV;MOV.around
kesai	kesakea	V;INTR;PFV;MOV.around
kesai	kesakea	V;PFV;MOV.passing
kesai	kesapakea	V;PFV;MOV.down
kesai	kesaina	V;PFV;MOV.up
kesai	kesatana	V;PFV;MOV.goto
kesai	kesahona	V;PFV;BEN
kesai	kesarana	V;PFV;MAL
kesai	kesamakarana	V;PFV;CAU;MAL
kesai	kesamai	V;IPFV;CAU
kesai	kesama	V;PFV;CAU
kesai	kesahakoa	V;PFV;DIM
kesai	kesahekoi	V;IPFV;DIM
kesai	kesaranhakoa	V;PFV;MAL;DIM
kesai	kesahekoni	V;PST.REM;DIM
kiwi	kiwmis	V;HAB_A
kiwi	kiwmisa	V;PFV;HAB_A
kiwi	kiwisi	V;IPFV;PROG
kiwi	kiwri	V;PST.yet
kiwi	kiwbai	V;PST.DUR
kiwi	kiwyantana	V;PFV;PST.yesterday
kiwi	kiwshina	V;PST.days
kiwi	kiwpaoni	V;PST.REM
kiwi	kiwnonkota	V;FUT.INM
kiwi	kiwi kai	V;IPFV;FUT.INM
kiwi	kiwbira	V;PFV;DUB
kiwi	kiwbirai	V;IPFV;DUB
kiwi	kiwkoinsi	V;ASER
kiwi	kiwanaka	V;EST;HAB_M
kiwi	kiwkatsi iki	V;DES
kiwi	kiwrabea	V;PFV;DUAL
kiwi	kiwrabei	V;IPFV;DUAL
kiwi	kiwbotana	V;EST;PLU
kiwi	kiwma	V;PFV;NEG
kiwi	kiwmai	V;IPFV;NEG
kiwi	kiwmashina	V;PST.days;NEG
kiwi	kiwyohma	V;NEG.never
kiwi	kiwkean	V;NEG.FRUS
kiwi	kiwberana	V;TR;PFV;MOV.VEN
kiwi	kiwkerana	V;INTR;PFV;MOV.VEN
kiwi	kiwbaina	V;TR;PFV;MOV.ANDA
kiwi	kiwkaina	V;INTR;PFV;MOV.ANDA
kiwi	kiwbokona	V;TR;PFV;MOV.around
kiwi	kiwakea	V;INTR;PFV;MOV.around
kiwi	kiwakea	V;PFV;MOV.passing
kiwi	kiwpakea	V;PFV;MOV.down
kiwi	kiwina	V;PFV;MOV.up
kiwi	kiwtana	V;PFV;MOV.goto
kiwi	kiwhona	V;PFV;BEN
kiwi	kiwarana	V;PFV;MAL
kiwi	kiwmakarana	V;PFV;CAU;MAL
kiwi	kiwmai	V;IPFV;CAU
kiwi	kiwma	V;PFV;CAU
kiwi	kiwhakoa	V;PFV;DIM
kiwi	kiwhekoi	V;IPFV;DIM
kiwi	kiwaranhakoa	V;PFV;MAL;DIM
kiwi	kiwhekoni	V;PST.REM;DIM
mabain	mabaina	V;PFV
mabain	mabaini	V;IPFV
mabain	mabainmis	V;HAB_A
mabain	mabainmisa	V;PFV;HAB_A
mabain	mabainisi	V;IPFV;PROG
mabain	mabainri	V;PST.yet
mabain	mabainbai	V;PST.DUR
mabain	mabainyantana	V;PFV;PST.yesterday
mabain	mabainshina	V;PST.days
mabain	mabainpaoni	V;PST.REM
mabain	mabainonkota	V;FUT.INM
mabain	mabaini kai	V;IPFV;FUT.INM
mabain	mabainbira	V;PFV;DUB
mabain	mabainbirai	V;IPFV;DUB
mabain	mabainkoinsi	V;ASER
mabain	mabainanaka	V;EST;HAB_M
mabain	mabainkatsi iki	V;DES
mabain	mabainrabea	V;PFV;DUAL
mabain	mabainrabei	V;IPFV;DUAL
mabain	mabainbotana	V;EST;PLU
mabain	mabainma	V;PFV;NEG
mabain	mabainmai	V;IPFV;NEG
mabain	mabainmashina	V;PST.days;NEG
mabain	mabainyohma	V;NEG.never
mabain	mabainkean	V;NEG.FRUS
mabain	mabainberana	V;TR;PFV;MOV.VEN
mabain	mabainkerana	V;INTR;PFV;MOV.VEN
mabain	mabainbaina	V;TR;PFV;MOV.ANDA
mabain	mabainkaina	V;INTR;PFV;MOV.ANDA
mabain	mabainbokona	V;TR;PFV;MOV.around
mabain	mabainakea	V;INTR;PFV;MOV.around
mabain	mabainakea	V;PFV;MOV.passing
mabain	mabainpakea	V;PFV;MOV.down
mabain	mabainina	V;PFV;MOV.up
mabain	mabaintana	V;PFV;MOV.goto
mabain	mabainhona	V;PFV;BEN
mabain	mabainarana	V;PFV;MAL
mabain	mabainmakarana	V;PFV;CAU;MAL
mabain	mabainmai	V;IPFV;CAU
mabain	mabainma	V;PFV;CAU
mabain	mabainhakoa	V;PFV;DIM
mabain	mabainhekoi	V;IPFV;DIM
mabain	mabainaranhakoa	V;PFV;MAL;DIM
mabain	mabainhekoni	V;PST.REM;DIM
mahkai	mahka	V;PFV
mahkai	mahkai	V;IPFV
mahkai	mahkamis	V;HAB_A
mahkai	mahkamisa	V;PFV;HAB_A
mahkai	mahkaisi	V;IPFV;PROG
mahkai	mahkari	V;PST.yet
mahkai	mahkabai	V;PST.DUR
mahkai	mahkayantana	V;PFV;PST.yesterday
mahkai	mahkashina	V;PST.days
mahkai	mahkapaoni	V;PST.REM
mahkai	mahkanonkota	V;FUT.INM
mahkai	mahkai kai	V;IPFV;FUT.INM
mahkai	mahkabira	V;PFV;DUB
mahkai	mahkabirai	V;IPFV;DUB
mahkai	mahkakoinsi	V;ASER
mahkai	mahkanaka	V;EST;HAB_M
mahkai	mahkakatsi iki	V;DES
mahkai	mahkarabea	V;PFV;DUAL
mahkai	mahkarabei	V;IPFV;DUAL
mahkai	mahkabotana	V;EST;PLU
mahkai	mahkama	V;PFV;NEG
mahkai	mahkamai	V;IPFV;NEG
mahkai	mahkamashina	V;PST.days;NEG
mahkai	mahkayohma	V;NEG.never
mahkai	mahkakean	V;NEG.FRUS
mahkai	mahkaberana	V;TR;PFV;MOV.VEN
mahkai	mahkakerana	V;INTR;PFV;MOV.VEN
mahkai	mahkabaina	V;TR;PFV;MOV.ANDA
mahkai	mahkakaina	V;INTR;PFV;MOV.ANDA
mahkai	mahkabokona	V;TR;PFV;MOV.around
mahkai	mahkakea	V;INTR;PFV;MOV.around
mahkai	mahkakea	V;PFV;MOV.passing
mahkai	mahkapakea	V;PFV;MOV.down
mahkai	mahkaina	V;PFV;MOV.up
mahkai	mahkatana	V;PFV;MOV.goto
mahkai	mahkahona	V;PFV;BEN
mahkai	mahkarana	V;PFV;MAL
mahkai	mahkamakarana	V;PFV;CAU;MAL
mahkai	mahkamai	V;IPFV;CAU
mahkai	mahkama	V;PFV;CAU
mahkai	mahkahakoa	V;PFV;DIM
mahkai	mahkahekoi	V;IPFV;DIM
mahkai	mahkaranhakoa	V;PFV;MAL;DIM
mahkai	mahkahekoni	V;PST.REM;DIM
manai	mana	V;PFV
manai	manamis	V;HAB_A
manai	manamisa	V;PFV;HAB_A
manai	manaisi	V;IPFV;PROG
manai	manari	V;PST.yet
manai	manabai	V;PST.DUR
manai	manayantana	V;PFV;PST.yesterday
manai	manashina	V;PST.days
manai	manapaoni	V;PST.REM
manai	mananonkota	V;FUT.INM
manai	manai kai	V;IPFV;FUT.INM
manai	manabira	V;PFV;DUB
manai	manabirai	V;IPFV;DUB
manai	manakoinsi	V;ASER
manai	mananaka	V;EST;HAB_M
manai	manakatsi iki	V;DES
manai	manarabea	V;PFV;DUAL
manai	manarabei	V;IPFV;DUAL
manai	manabotana	V;EST;PLU
manai	manama	V;PFV;NEG
manai	manamai	V;IPFV;NEG
manai	manamashina	V;PST.days;NEG
manai	manayohma	V;NEG.never
manai	manakean	V;NEG.FRUS
manai	manaberana	V;TR;PFV;MOV.VEN
manai	manakerana	V;INTR;PFV;MOV.VEN
manai	manabaina	V;TR;PFV;MOV.ANDA
manai	manakaina	V;INTR;PFV;MOV.ANDA
manai	manabokona	V;TR;PFV;MOV.around
manai	manakea	V;INTR;PFV;MOV.around
manai	manakea	V;PFV;MOV.passing
manai	manapakea	V;PFV;MOV.down
manai	manaina	V;PFV;MOV.up
manai	manatana	V;PFV;MOV.goto
manai	manahona	V;PFV;BEN
manai	manarana	V;PFV;MAL
manai	manamakarana	V;PFV;CAU;MAL
manai	manamai	V;IPFV;CAU
manai	manama	V;PFV;CAU
manai	manahakoa	V;PFV;DIM
manai	manahekoi	V;IPFV;DIM
manai	manaranhakoa	V;PFV;MAL;DIM
manai	manahekoni	V;PST.REM;DIM
mehai	meha	V;PFV
mehai	mehai	V;IPFV
mehai	mehamis	V;HAB_A
mehai	mehamisa	V;PFV;HAB_A
mehai	mehaisi	V;IPFV;PROG
mehai	mehari	V;PST.yet
mehai	mehabai	V;PST.DUR
mehai	mehayantana	V;PFV;PST.yesterday
mehai	mehashina	V;PST.days
mehai	mehapaoni	V;PST.REM
mehai	mehanonkota	V;FUT.INM
mehai	mehai kai	V;IPFV;FUT.INM
mehai	mehabira	V;PFV;DUB
mehai	mehabirai	V;IPFV;DUB
mehai	mehakoinsi	V;ASER
mehai	mehanaka	V;EST;HAB_M
mehai	mehakatsi iki	V;DES
mehai	meharabea	V;PFV;DUAL
mehai	meharabei	V;IPFV;DUAL
mehai	mehabotana	V;EST;PLU
mehai	mehama	V;PFV;NEG
mehai	mehamai	V;IPFV;NEG
mehai	mehamashina	V;PST.days;NEG
mehai	mehayohma	V;NEG.never
mehai	mehakean	V;NEG.FRUS
mehai	mehaberana	V;TR;PFV;MOV.VEN
mehai	mehakerana	V;INTR;PFV;MOV.VEN
mehai	mehabaina	V;TR;PFV;MOV.ANDA
mehai	mehakaina	V;INTR;PFV;MOV.ANDA
mehai	mehabokona	V;TR;PFV;MOV.around
mehai	mehakea	V;INTR;PFV;MOV.around
mehai	mehakea	V;PFV;MOV.passing
mehai	mehapakea	V;PFV;MOV.down
mehai	mehaina	V;PFV;MOV.up
mehai	mehatana	V;PFV;MOV.goto
mehai	mehahona	V;PFV;BEN
mehai	meharana	V;PFV;MAL
mehai	mehamakarana	V;PFV;CAU;MAL
mehai	mehamai	V;IPFV;CAU
mehai	mehama	V;PFV;CAU
mehai	mehahakoa	V;PFV;DIM
mehai	mehahekoi	V;IPFV;DIM
mehai	meharanhakoa	V;PFV;MAL;DIM
mehai	mehahekoni	V;PST.REM;DIM
mehoi	mehoi	V;IPFV
mehoi	mehomis	V;HAB_A
mehoi	mehomisa	V;PFV;HAB_A
mehoi	mehoisi	V;IPFV;PROG
mehoi	mehori	V;PST.yet
mehoi	mehobai	V;PST.DUR
mehoi	mehoyantana	V;PFV;PST.yesterday
mehoi	mehoshina	V;PST.days
mehoi	mehopaoni	V;PST.REM
mehoi	mehononkota	V;FUT.INM
mehoi	mehoi kai	V;IPFV;FUT.INM
mehoi	mehobira	V;PFV;DUB
mehoi	mehobirai	V;IPFV;DUB
mehoi	mehokoinsi	V;ASER
mehoi	mehoanaka	V;EST;HAB_M
mehoi	mehokatsi iki	V;DES
mehoi	mehorabea	V;PFV;DUAL
mehoi	mehorabei	V;IPFV;DUAL
mehoi	mehobotana	V;EST;PLU
mehoi	mehoma	V;PFV;NEG
mehoi	mehomai	V;IPFV;NEG
mehoi	mehomashina	V;PST.days;NEG
mehoi	mehoyohma	V;NEG.never
mehoi	mehokean	V;NEG.FRUS
mehoi	mehoberana	V;TR;PFV;MOV.VEN
mehoi	mehokerana	V;INTR;PFV;MOV.VEN
mehoi	mehobaina	V;TR;PFV;MOV.ANDA
mehoi	mehokaina	V;INTR;PFV;MOV.ANDA
mehoi	mehobokona	V;TR;PFV;MOV.around
mehoi	mehoakea	V;INTR;PFV;MOV.around
mehoi	mehoakea	V;PFV;MOV.passing
mehoi	mehopakea	V;PFV;MOV.down
mehoi	mehoina	V;PFV;MOV.up
mehoi	mehotana	V;PFV;MOV.goto
mehoi	mehohona	V;PFV;BEN
mehoi	mehoarana	V;PFV;MAL
mehoi	mehomakarana	V;PFV;CAU;MAL
mehoi	mehomai	V;IPFV;CAU
mehoi	mehoma	V;PFV;CAU
mehoi	mehohakoa	V;PFV;DIM
mehoi	mehohekoi	V;IPFV;DIM
mehoi	mehoaranhakoa	V;PFV;MAL;DIM
mehoi	mehohekoni	V;PST.REM;DIM
metsinki	metsinka	V;PFV
metsinki	metsinkmis	V;HAB_A
metsinki	metsinkmisa	V;PFV;HAB_A
metsinki	metsinkisi	V;IPFV;PROG
metsinki	metsinkri	V;PST.yet
metsinki	metsinkbai	V;PST.DUR
metsinki	metsinkyantana	V;PFV;PST.yesterday
metsinki	metsinkshina	V;PST.days
metsinki	metsinkpaoni	V;PST.REM
metsinki	metsinknonkota	V;FUT.INM
metsinki	metsinki kai	V;IPFV;FUT.INM
metsinki	metsinkbira	V;PFV;DUB
metsinki	metsinkbirai	V;IPFV;DUB
metsinki	metsinkoinsi	V;ASER
metsinki	metsinkanaka	V;EST;HAB_M
metsinki	metsinkatsi iki	V;DES
metsinki	metsinkrabea	V;PFV;DUAL
metsinki	metsinkrabei	V;IPFV;DUAL
metsinki	metsinkbotana	V;EST;PLU
metsinki	metsinkma	V;PFV;NEG
metsinki	metsinkmai	V;IPFV;NEG
metsinki	metsinkmashina	V;PST.days;NEG
metsinki	metsinkyohma	V;NEG.never
metsinki	metsinkean	V;NEG.FRUS
metsinki	metsinkberana	V;TR;PFV;MOV.VEN
metsinki	metsinkerana	V;INTR;PFV;MOV.VEN
metsinki	metsinkbaina	V;TR;PFV;MOV.ANDA
metsinki	metsinkaina	V;INTR;PFV;MOV.ANDA
metsinki	metsinkbokona	V;TR;PFV;MOV.around
metsinki	metsinkakea	V;INTR;PFV;MOV.around
metsinki	metsinkakea	V;PFV;MOV.passing
metsinki	metsinkpakea	V;PFV;MOV.down
metsinki	metsinkina	V;PFV;MOV.up
metsinki	metsinktana	V;PFV;MOV.goto
metsinki	metsinkhona	V;PFV;BEN
metsinki	metsinkarana	V;PFV;MAL
metsinki	metsinkmakarana	V;PFV;CAU;MAL
metsinki	metsinkmai	V;IPFV;CAU
metsinki	metsinkma	V;PFV;CAU
metsinki	metsinkhakoa	V;PFV;DIM
metsinki	metsinkhekoi	V;IPFV;DIM
metsinki	metsinkaranhakoa	V;PFV;MAL;DIM
metsinki	metsinkhekoni	V;PST.REM;DIM
mini	mina	V;PFV
mini	minmis	V;HAB_A
mini	minmisa	V;PFV;HAB_A
mini	minisi	V;IPFV;PROG
mini	minri	V;PST.yet
mini	minbai	V;PST.DUR
mini	minyantana	V;PFV;PST.yesterday
mini	minshina	V;PST.days
mini	minpaoni	V;PST.REM
mini	minonkota	V;FUT.INM
mini	mini kai	V;IPFV;FUT.INM
mini	minbira	V;PFV;DUB
mini	minbirai	V;IPFV;DUB
mini	minkoinsi	V;ASER
mini	minanaka	V;EST;HAB_M
mini	minkatsi iki	V;DES
mini	minrabea	V;PFV;DUAL
mini	minrabei	V;IPFV;DUAL
mini	minbotana	V;EST;PLU
mini	minma	V;PFV;NEG
mini	minmai	V;IPFV;NEG
mini	minmashina	V;PST.days;NEG
mini	minyohma	V;NEG.never
mini	minkean	V;NEG.FRUS
mini	minberana	V;TR;PFV;MOV.VEN
mini	minkerana	V;INTR;PFV;MOV.VEN
mini	minbaina	V;TR;PFV;MOV.ANDA
mini	minkaina	V;INTR;PFV;MOV.ANDA
mini	minbokona	V;TR;PFV;MOV.around
mini	minakea	V;INTR;PFV;MOV.around
mini	minakea	V;PFV;MOV.passing
mini	minpakea	V;PFV;MOV.down
mini	minina	V;PFV;MOV.up
mini	mintana	V;PFV;MOV.goto
mini	minhona	V;PFV;BEN
mini	minarana	V;PFV;MAL
mini	minmakarana	V;PFV;CAU;MAL
mini	minmai	V;IPFV;CAU
mini	minma	V;PFV;CAU
mini	minhakoa	V;PFV;DIM
mini	minhekoi	V;IPFV;DIM
mini	minaranhakoa	V;PFV;MAL;DIM
mini	minhekoni	V;PST.REM;DIM
moin	moina	V;PFV
moin	moini	V;IPFV
moin	moinmis	V;HAB_A
moin	moinmisa	V;PFV;HAB_A
moin	moinisi	V;IPFV;PROG
moin	moinri	V;PST.yet
moin	moinbai	V;PST.DUR
moin	moinyantana	V;PFV;PST.yesterday
moin	moinshina	V;PST.days
moin	moinpaoni	V;PST.REM
moin	moinonkota	V;FUT.INM
moin	moini kai	V;IPFV;FUT.INM
moin	moinbira	V;PFV;DUB
moin	moinbirai	V;IPFV;DUB
moin	moinkoinsi	V;ASER
moin	moinanaka	V;EST;HAB_M
moin	moinkatsi iki	V;DES
moin	moinrabea	V;PFV;DUAL
moin	moinrabei	V;IPFV;DUAL
moin	moinbotana	V;EST;PLU
moin	moinma	V;PFV;NEG
moin	moinmai	V;IPFV;NEG
moin	moinmashina	V;PST.days;NEG
moin	moinyohma	V;NEG.never
moin	moinkean	V;NEG.FRUS
moin	moinberana	V;TR;PFV;MOV.VEN
moin	moinkerana	V;INTR;PFV;MOV.VEN
moin	moinbaina	V;TR;PFV;MOV.ANDA
moin	moinkaina	V;INTR;PFV;MOV.ANDA
moin	moinbokona	V;TR;PFV;MOV.around
moin	moinakea	V;INTR;PFV;MOV.around
moin	moinakea	V;PFV;MOV.passing
moin	moinpakea	V;PFV;MOV.down
moin	moinina	V;PFV;MOV.up
moin	mointana	V;PFV;MOV.goto
moin	moinhona	V;PFV;BEN
moin	moinarana	V;PFV;MAL
moin	moinmakarana	V;PFV;CAU;MAL
moin	moinmai	V;IPFV;CAU
moin	moinma	V;PFV;CAU
moin	moinhakoa	V;PFV;DIM
moin	moinhekoi	V;IPFV;DIM
moin	moinaranhakoa	V;PFV;MAL;DIM
moin	moinhekoni	V;PST.REM;DIM
neai	neai	V;IPFV
neai	neamis	V;HAB_A
neai	neamisa	V;PFV;HAB_A
neai	neaisi	V;IPFV;PROG
neai	neari	V;PST.yet
neai	neabai	V;PST.DUR
neai	neayantana	V;PFV;PST.yesterday
neai	neashina	V;PST.days
neai	neapaoni	V;PST.REM
neai	neanonkota	V;FUT.INM
neai	neai kai	V;IPFV;FUT.INM
neai	neabira	V;PFV;DUB
neai	neabirai	V;IPFV;DUB
neai	neakoinsi	V;ASER
neai	neanaka	V;EST;HAB_M
neai	neakatsi iki	V;DES
neai	nearabea	V;PFV;DUAL
neai	nearabei	V;IPFV;DUAL
neai	neabotana	V;EST;PLU
neai	neama	V;PFV;NEG
neai	neamai	V;IPFV;NEG
neai	neamashina	V;PST.days;NEG
neai	neayohma	V;NEG.never
neai	neakean	V;NEG.FRUS
neai	neaberana	V;TR;PFV;MOV.VEN
neai	neakerana	V;INTR;PFV;MOV.VEN
neai	neabaina	V;TR;PFV;MOV.ANDA
neai	neakaina	V;INTR;PFV;MOV.ANDA
neai	neabokona	V;TR;PFV;MOV.around
neai	neakea	V;INTR;PFV;MOV.around
neai	neakea	V;PFV;MOV.passing
neai	neapakea	V;PFV;MOV.down
neai	neaina	V;PFV;MOV.up
neai	neatana	V;PFV;MOV.goto
neai	neahona	V;PFV;BEN
neai	nearana	V;PFV;MAL
neai	neamakarana	V;PFV;CAU;MAL
neai	neamai	V;IPFV;CAU
neai	neama	V;PFV;CAU
neai	neahakoa	V;PFV;DIM
neai	neahekoi	V;IPFV;DIM
neai	nearanhakoa	V;PFV;MAL;DIM
neai	neahekoni	V;PST.REM;DIM
ni	nia	V;PFV
ni	ni	V;IPFV
ni	nimis	V;HAB_A
ni	nimisa	V;PFV;HAB_A
ni	nisi	V;IPFV;PROG
ni	niri	V;PST.yet
ni	nibai	V;PST.DUR
ni	niyantana	V;PFV;PST.yesterday
ni	nipaoni	V;PST.REM
ni	ninonkota	V;FUT.INM
ni	ni kai	V;IPFV;FUT.INM
ni	nibira	V;PFV;DUB
ni	nibirai	V;IPFV;DUB
ni	nikoinsi	V;ASER
ni	nianaka	V;EST;HAB_M
ni	nikatsi iki	V;DES
ni	nirabea	V;PFV;DUAL
ni	nirabei	V;IPFV;DUAL
ni	nibotana	V;EST;PLU
ni	nima	V;PFV;NEG
ni	nimai	V;IPFV;NEG
ni	nimashina	V;PST.days;NEG
ni	niyohma	V;NEG.never
ni	nikean	V;NEG.FRUS
ni	niberana	V;TR;PFV;MOV.VEN
ni	nikerana	V;INTR;PFV;MOV.VEN
ni	nibaina	V;TR;PFV;MOV.ANDA
ni	nikaina	V;INTR;PFV;MOV.ANDA
ni	nibokona	V;TR;PFV;MOV.around
ni	niakea	V;INTR;PFV;MOV.around
ni	niakea	V;PFV;MOV.passing
ni	nipakea	V;PFV;MOV.down
ni	nina	V;PFV;MOV.up
ni	nitana	V;PFV;MOV.goto
ni	nihona	V;PFV;BEN
ni	niarana	V;PFV;MAL
ni	nimakarana	V;PFV;CAU;MAL
ni	nimai	V;IPFV;CAU
ni	nima	V;PFV;CAU
ni	nihakoa	V;PFV;DIM
ni	nihekoi	V;IPFV;DIM
ni	niaranhakoa	V;PFV;MAL;DIM
ni	nihekoni	V;PST.REM;DIM
noia	noi	V;IPFV
noia	noimis	V;HAB_A
noia	noimisa	V;PFV;HAB_A
noia	noisi	V;IPFV;PROG
noia	noiri	V;PST.yet
noia	noibai	V;PST.DUR
noia	noiyantana	V;PFV;PST.yesterday
noia	noishina	V;PST.days
noia	noipaoni	V;PST.REM
noia	noinonkota	V;FUT.INM
noia	noi kai	V;IPFV;FUT.INM
noia	noibira	V;PFV;DUB
noia	noibirai	V;IPFV;DUB
noia	noikoinsi	V;ASER
noia	noianaka	V;EST;HAB_M
noia	noikatsi iki	V;DES
noia	noirabea	V;PFV;DUAL
noia	noirabei	V;IPFV;DUAL
noia	noibotana	V;EST;PLU
noia	noima	V;PFV;NEG
noia	noimai	V;IPFV;NEG
noia	noimashina	V;PST.days;NEG
noia	noiyohma	V;NEG.never
noia	noikean	V;NEG.FRUS
noia	noiberana	V;TR;PFV;MOV.VEN
noia	noikerana	V;INTR;PFV;MOV.VEN
noia	noibaina	V;TR;PFV;MOV.ANDA
noia	noikaina	V;INTR;PFV;MOV.ANDA
noia	noibokona	V;TR;PFV;MOV.around
noia	noiakea	V;INTR;PFV;MOV.around
noia	noiakea	V;PFV;MOV.passing
noia	noipakea	V;PFV;MOV.down
noia	noina	V;PFV;MOV.up
noia	noitana	V;PFV;MOV.goto
noia	noihona	V;PFV;BEN
noia	noiarana	V;PFV;MAL
noia	noimakarana	V;PFV;CAU;MAL
noia	noimai	V;IPFV;CAU
noia	noima	V;PFV;CAU
noia	noihakoa	V;PFV;DIM
noia	noihekoi	V;IPFV;DIM
noia	noiaranhakoa	V;PFV;MAL;DIM
noia	noihekoni	V;PST.REM;DIM
nokoi	nokoi	V;IPFV
nokoi	nokomis	V;HAB_A
nokoi	nokomisa	V;PFV;HAB_A
nokoi	nokoisi	V;IPFV;PROG
nokoi	nokori	V;PST.yet
nokoi	nokobai	V;PST.DUR
nokoi	nokoyantana	V;PFV;PST.yesterday
nokoi	nokoshina	V;PST.days
nokoi	nokopaoni	V;PST.REM
nokoi	nokononkota	V;FUT.INM
nokoi	nokoi kai	V;IPFV;FUT.INM
nokoi	nokobira	V;PFV;DUB
nokoi	nokobirai	V;IPFV;DUB
nokoi	nokokoinsi	V;ASER
nokoi	nokoanaka	V;EST;HAB_M
nokoi	nokokatsi iki	V;DES
nokoi	nokorabea	V;PFV;DUAL
nokoi	nokorabei	V;IPFV;DUAL
nokoi	nokobotana	V;EST;PLU
nokoi	nokoma	V;PFV;NEG
nokoi	nokomai	V;IPFV;NEG
nokoi	nokomashina	V;PST.days;NEG
nokoi	nokoyohma	V;NEG.never
nokoi	nokokean	V;NEG.FRUS
nokoi	nokoberana	V;TR;PFV;MOV.VEN
nokoi	nokokerana	V;INTR;PFV;MOV.VEN
nokoi	nokobaina	V;TR;PFV;MOV.ANDA
nokoi	nokokaina	V;INTR;PFV;MOV.ANDA
nokoi	nokobokona	V;TR;PFV;MOV.around
nokoi	nokoakea	V;INTR;PFV;MOV.around
nokoi	nokoakea	V;PFV;MOV.passing
nokoi	nokopakea	V;PFV;MOV.down
nokoi	nokoina	V;PFV;MOV.up
nokoi	nokotana	V;PFV;MOV.goto
nokoi	nokohona	V;PFV;BEN
nokoi	nokoarana	V;PFV;MAL
nokoi	nokomakarana	V;PFV;CAU;MAL
nokoi	nokomai	V;IPFV;CAU
nokoi	nokoma	V;PFV;CAU
nokoi	nokohakoa	V;PFV;DIM
nokoi	nokohekoi	V;IPFV;DIM
nokoi	nokoaranhakoa	V;PFV;MAL;DIM
nokoi	nokohekoni	V;PST.REM;DIM
ohai	oha	V;PFV
ohai	ohamisa	V;PFV;HAB_A
ohai	ohaisi	V;IPFV;PROG
ohai	ohari	V;PST.yet
ohai	ohabai	V;PST.DUR
ohai	ohayantana	V;PFV;PST.yesterday
ohai	ohashina	V;PST.days
ohai	ohapaoni	V;PST.REM
ohai	ohanonkota	V;FUT.INM
ohai	ohai kai	V;IPFV;FUT.INM
ohai	ohabira	V;PFV;DUB
ohai	ohakoinsi	V;ASER
ohai	ohanaka	V;EST;HAB_M
ohai	ohakatsi iki	V;DES
ohai	oharabea	V;PFV;DUAL
ohai	oharabei	V;IPFV;DUAL
ohai	ohabotana	V;EST;PLU
ohai	ohama	V;PFV;NEG
ohai	ohamai	V;IPFV;NEG
ohai	ohamashina	V;PST.days;NEG
ohai	ohayohma	V;NEG.never
ohai	ohakean	V;NEG.FRUS
ohai	ohaberana	V;TR;PFV;MOV.VEN
ohai	ohakerana	V;INTR;PFV;MOV.VEN
ohai	ohabaina	V;TR;PFV;MOV.ANDA
ohai	ohakaina	V;INTR;PFV;MOV.ANDA
ohai	ohabokona	V;TR;PFV;MOV.around
ohai	ohakea	V;INTR;PFV;MOV.around
ohai	ohakea	V;PFV;MOV.passing
ohai	ohapakea	V;PFV;MOV.down
ohai	ohatana	V;PFV;MOV.goto
ohai	ohahona	V;PFV;BEN
ohai	oharana	V;PFV;MAL
ohai	ohamakarana	V;PFV;CAU;MAL
ohai	ohamai	V;IPFV;CAU
ohai	ohama	V;PFV;CAU
ohai	ohahekoi	V;IPFV;DIM
ohai	oharanhakoa	V;PFV;MAL;DIM
ohai	ohahekoni	V;PST.REM;DIM
oi	oia	V;PFV
oi	oi	V;IPFV
oi	oimis	V;HAB_A
oi	oimisa	V;PFV;HAB_A
oi	oisi	V;IPFV;PROG
oi	oiri	V;PST.yet
oi	oibai	V;PST.DUR
oi	oiyantana	V;PFV;PST.yesterday
oi	oishina	V;PST.days
oi	oipaoni	V;PST.REM
oi	oinonkota	V;FUT.INM
oi	oi kai	V;IPFV;FUT.INM
oi	oibira	V;PFV;DUB
oi	oibirai	V;IPFV;DUB
oi	oikoinsi	V;ASER
oi	oianaka	V;EST;HAB_M
oi	oikatsi iki	V;DES
oi	oirabea	V;PFV;DUAL
oi	oirabei	V;IPFV;DUAL
oi	oibotana	V;EST;PLU
oi	oima	V;PFV;NEG
oi	oimai	V;IPFV;NEG
oi	oimashina	V;PST.days;NEG
oi	oiyohma	V;NEG.never
oi	oikean	V;NEG.FRUS
oi	oiberana	V;TR;PFV;MOV.VEN
oi	oikerana	V;INTR;PFV;MOV.VEN
oi	oibaina	V;TR;PFV;MOV.ANDA
oi	oikaina	V;INTR;PFV;MOV.ANDA
oi	oibokona	V;TR;PFV;MOV.around
oi	oiakea	V;INTR;PFV;MOV.around
oi	oiakea	V;PFV;MOV.passing
oi	oipakea	V;PFV;MOV.down
oi	oina	V;PFV;MOV.up
oi	oitana	V;PFV;MOV.goto
oi	oihona	V;PFV;BEN
oi	oiarana	V;PFV;MAL
oi	oimakarana	V;PFV;CAU;MAL
oi	oimai	V;IPFV;CAU
oi	oima	V;PFV;CAU
oi	oihakoa	V;PFV;DIM
oi	oihekoi	V;IPFV;DIM
oi	oiaranhakoa	V;PFV;MAL;DIM
oi	oihekoni	V;PST.REM;DIM
oini	oinmis	V;HAB_A
oini	oinmisa	V;PFV;HAB_A
oini	oinisi	V;IPFV;PROG
oini	oinri	V;PST.yet
oini	oinbai	V;PST.DUR
oini	oinyantana	V;PFV;PST.yesterday
oini	oinshina	V;PST.days
oini	oinpaoni	V;PST.REM
oini	oinonkota	V;FUT.INM
oini	oini kai	V;IPFV;FUT.INM
oini	oinbira	V;PFV;DUB
oini	oinbirai	V;IPFV;DUB
oini	oinkoinsi	V;ASER
oini	oinanaka	V;EST;HAB_M
oini	oinkatsi iki	V;DES
oini	oinrabea	V;PFV;DUAL
oini	oinrabei	V;IPFV;DUAL
oini	oinbotana	V;EST;PLU
oini	oinma	V;PFV;NEG
oini	oinmai	V;IPFV;NEG
oini	oinmashina	V;PST.days;NEG
oini	oinyohma	V;NEG.never
oini	oinkean	V;NEG.FRUS
oini	oinberana	V;TR;PFV;MOV.VEN
oini	oinkerana	V;INTR;PFV;MOV.VEN
oini	oinbaina	V;TR;PFV;MOV.ANDA
oini	oinkaina	V;INTR;PFV;MOV.ANDA
oini	oinbokona	V;TR;PFV;MOV.around
oini	oinakea	V;INTR;PFV;MOV.around
oini	oinakea	V;PFV;MOV.passing
oini	oinpakea	V;PFV;MOV.down
oini	oinina	V;PFV;MOV.up
oini	ointana	V;PFV;MOV.goto
oini	oinhona	V;PFV;BEN
oini	oinarana	V;PFV;MAL
oini	oinmakarana	V;PFV;CAU;MAL
oini	oinmai	V;IPFV;CAU
oini	oinma	V;PFV;CAU
oini	oinhakoa	V;PFV;DIM
oini	oinhekoi	V;IPFV;DIM
oini	oinaranhakoa	V;PFV;MAL;DIM
oini	oinhekoni	V;PST.REM;DIM
otsia	otsia	V;PFV
otsia	otsi	V;IPFV
otsia	otsimis	V;HAB_A
otsia	otsimisa	V;PFV;HAB_A
otsia	otsisi	V;IPFV;PROG
otsia	otsiri	V;PST.yet
otsia	otsibai	V;PST.DUR
otsia	otsiyantana	V;PFV;PST.yesterday
otsia	otsishina	V;PST.days
otsia	otsipaoni	V;PST.REM
otsia	otsinonkota	V;FUT.INM
otsia	otsi kai	V;IPFV;FUT.INM
otsia	otsibira	V;PFV;DUB
otsia	otsibirai	V;IPFV;DUB
otsia	otsikoinsi	V;ASER
otsia	otsianaka	V;EST;HAB_M
otsia	otsikatsi iki	V;DES
otsia	otsirabea	V;PFV;DUAL
otsia	otsirabei	V;IPFV;DUAL
otsia	otsibotana	V;EST;PLU
otsia	otsima	V;PFV;NEG
otsia	otsimai	V;IPFV;NEG
otsia	otsimashina	V;PST.days;NEG
otsia	otsiyohma	V;NEG.never
otsia	otsikean	V;NEG.FRUS
otsia	otsiberana	V;TR;PFV;MOV.VEN
otsia	otsikerana	V;INTR;PFV;MOV.VEN
otsia	otsibaina	V;TR;PFV;MOV.ANDA
otsia	otsikaina	V;INTR;PFV;MOV.ANDA
otsia	otsibokona	V;TR;PFV;MOV.around
otsia	otsiakea	V;INTR;PFV;MOV.around
otsia	otsiakea	V;PFV;MOV.passing
otsia	otsipakea	V;PFV;MOV.down
otsia	otsina	V;PFV;MOV.up
otsia	otsitana	V;PFV;MOV.goto
otsia	otsihona	V;PFV;BEN
otsia	otsiarana	V;PFV;MAL
otsia	otsimakarana	V;PFV;CAU;MAL
otsia	otsimai	V;IPFV;CAU
otsia	otsihakoa	V;PFV;DIM
otsia	otsihekoi	V;IPFV;DIM
otsia	otsiaranhakoa	V;PFV;MAL;DIM
otsia	otsihekoni	V;PST.REM;DIM
paear	paeara	V;PFV
paear	paeari	V;IPFV
paear	paearmis	V;HAB_A
paear	paearmisa	V;PFV;HAB_A
paear	paearisi	V;IPFV;PROG
paear	paeari	V;PST.yet
paear	paearbai	V;PST.DUR
paear	paearyantana	V;PFV;PST.yesterday
paear	paearshina	V;PST.days
paear	paearpaoni	V;PST.REM
paear	paearnonkota	V;FUT.INM
paear	paeari kai	V;IPFV;FUT.INM
paear	paearbira	V;PFV;DUB
paear	paearbirai	V;IPFV;DUB
paear	paearkoinsi	V;ASER
paear	paearanaka	V;EST;HAB_M
paear	paearkatsi iki	V;DES
paear	paearabea	V;PFV;DUAL
paear	paearabei	V;IPFV;DUAL
paear	paearbotana	V;EST;PLU
paear	paearma	V;PFV;NEG
paear	paearmai	V;IPFV;NEG
paear	paearmashina	V;PST.days;NEG
paear	paearyohma	V;NEG.never
paear	paearkean	V;NEG.FRUS
paear	paearberana	V;TR;PFV;MOV.VEN
paear	paearkerana	V;INTR;PFV;MOV.VEN
paear	paearbaina	V;TR;PFV;MOV.ANDA
paear	paearkaina	V;INTR;PFV;MOV.ANDA
paear	paearbokona	V;TR;PFV;MOV.around
paear	paearakea	V;INTR;PFV;MOV.around
paear	paearakea	V;PFV;MOV.passing
paear	paearpakea	V;PFV;MOV.down
paear	paearina	V;PFV;MOV.up
paear	paeartana	V;PFV;MOV.goto
paear	paearhona	V;PFV;BEN
paear	paeararana	V;PFV;MAL
paear	paearmakarana	V;PFV;CAU;MAL
paear	paearmai	V;IPFV;CAU
paear	paearma	V;PFV;CAU
paear	paearhakoa	V;PFV;DIM
paear	paearhekoi	V;IPFV;DIM
paear	paeararanhakoa	V;PFV;MAL;DIM
paear	paearhekoni	V;PST.REM;DIM
pakei	pakea	V;PFV
pakei	pakei	V;IPFV
pakei	pakemis	V;HAB_A
pakei	pakemisa	V;PFV;HAB_A
pakei	pakeisi	V;IPFV;PROG
pakei	pakeri	V;PST.yet
pakei	pakebai	V;PST.DUR
pakei	pakeyantana	V;PFV;PST.yesterday
pakei	pakeshina	V;PST.days
pakei	pakepaoni	V;PST.REM
pakei	pakenonkota	V;FUT.INM
pakei	pakei kai	V;IPFV;FUT.INM
pakei	pakebira	V;PFV;DUB
pakei	pakebirai	V;IPFV;DUB
pakei	pakekoinsi	V;ASER
pakei	pakeanaka	V;EST;HAB_M
pakei	pakekatsi iki	V;DES
pakei	pakerabea	V;PFV;DUAL
pakei	pakerabei	V;IPFV;DUAL
pakei	pakebotana	V;EST;PLU
pakei	pakema	V;PFV;NEG
pakei	pakemai	V;IPFV;NEG
pakei	pakemashina	V;PST.days;NEG
pakei	pakeyohma	V;NEG.never
pakei	pakekean	V;NEG.FRUS
pakei	pakeberana	V;TR;PFV;MOV.VEN
pakei	pakekerana	V;INTR;PFV;MOV.VEN
pakei	pakebaina	V;TR;PFV;MOV.ANDA
pakei	pakekaina	V;INTR;PFV;MOV.ANDA
pakei	pakebokona	V;TR;PFV;MOV.around
pakei	pakeakea	V;INTR;PFV;MOV.around
pakei	pakeakea	V;PFV;MOV.passing
pakei	pakepakea	V;PFV;MOV.down
pakei	pakeina	V;PFV;MOV.up
pakei	paketana	V;PFV;MOV.goto
pakei	pakehona	V;PFV;BEN
pakei	pakearana	V;PFV;MAL
pakei	pakemakarana	V;PFV;CAU;MAL
pakei	pakemai	V;IPFV;CAU
pakei	pakema	V;PFV;CAU
pakei	pakehakoa	V;PFV;DIM
pakei	pakehekoi	V;IPFV;DIM
pakei	pakearanhakoa	V;PFV;MAL;DIM
pakei	pakehekoni	V;PST.REM;DIM
pi	pi	V;IPFV
pi	pimis	V;HAB_A
pi	pisi	V;IPFV;PROG
pi	piri	V;PST.yet
pi	pibai	V;PST.DUR
pi	pinonkota	V;FUT.INM
pi	pi kai	V;IPFV;FUT.INM
pi	pibira	V;PFV;DUB
pi	pibirai	V;IPFV;DUB
pi	pikoinsi	V;ASER
pi	pianaka	V;EST;HAB_M
pi	pikatsi iki	V;DES
pi	pirabea	V;PFV;DUAL
pi	pirabei	V;IPFV;DUAL
pi	pibotana	V;EST;PLU
pi	pima	V;PFV;NEG
pi	piyohma	V;NEG.never
pi	pikean	V;NEG.FRUS
pi	piberana	V;TR;PFV;MOV.VEN
pi	pikerana	V;INTR;PFV;MOV.VEN
pi	pibaina	V;TR;PFV;MOV.ANDA
pi	pikaina	V;INTR;PFV;MOV.ANDA
pi	pibokona	V;TR;PFV;MOV.around
pi	piakea	V;INTR;PFV;MOV.around
pi	piakea	V;PFV;MOV.passing
pi	pina	V;PFV;MOV.up
pi	pihona	V;PFV;BEN
pi	pimakarana	V;PFV;CAU;MAL
pi	pimai	V;IPFV;CAU
pi	pima	V;PFV;CAU
pi	pihakoa	V;PFV;DIM
pi	pihekoi	V;IPFV;DIM
pi	piaranhakoa	V;PFV;MAL;DIM
pi	pihekoni	V;PST.REM;DIM
pichain	pichaina	V;PFV
pichain	pichaini	V;IPFV
pichain	pichainmis	V;HAB_A
pichain	pichainmisa	V;PFV;HAB_A
pichain	pichainisi	V;IPFV;PROG
pichain	pichainri	V;PST.yet
pichain	pichainbai	V;PST.DUR
pichain	pichainyantana	V;PFV;PST.yesterday
pichain	pichainshina	V;PST.days
pichain	pichainpaoni	V;PST.REM
pichain	pichainonkota	V;FUT.INM
pichain	pichaini kai	V;IPFV;FUT.INM
pichain	pichainbira	V;PFV;DUB
pichain	pichainbirai	V;IPFV;DUB
pichain	pichainkoinsi	V;ASER
pichain	pichainanaka	V;EST;HAB_M
pichain	pichainkatsi iki	V;DES
pichain	pichainrabea	V;PFV;DUAL
pichain	pichainrabei	V;IPFV;DUAL
pichain	pichainbotana	V;EST;PLU
pichain	pichainma	V;PFV;NEG
pichain	pichainmai	V;IPFV;NEG
pichain	pichainmashina	V;PST.days;NEG
pichain	pichainyohma	V;NEG.never
pichain	pichainkean	V;NEG.FRUS
pichain	pichainberana	V;TR;PFV;MOV.VEN
pichain	pichainkerana	V;INTR;PFV;MOV.VEN
pichain	pichainbaina	V;TR;PFV;MOV.ANDA
pichain	pichainkaina	V;INTR;PFV;MOV.ANDA
pichain	pichainbokona	V;TR;PFV;MOV.around
pichain	pichainakea	V;INTR;PFV;MOV.around
pichain	pichainakea	V;PFV;MOV.passing
pichain	pichainpakea	V;PFV;MOV.down
pichain	pichainina	V;PFV;MOV.up
pichain	pichaintana	V;PFV;MOV.goto
pichain	pichainhona	V;PFV;BEN
pichain	pichainarana	V;PFV;MAL
pichain	pichainmakarana	V;PFV;CAU;MAL
pichain	pichainmai	V;IPFV;CAU
pichain	pichainma	V;PFV;CAU
pichain	pichainhakoa	V;PFV;DIM
pichain	pichainhekoi	V;IPFV;DIM
pichain	pichainaranhakoa	V;PFV;MAL;DIM
pichain	pichainhekoni	V;PST.REM;DIM
poi	poa	V;PFV
poi	pomis	V;HAB_A
poi	pomisa	V;PFV;HAB_A
poi	poisi	V;IPFV;PROG
poi	pori	V;PST.yet
poi	pobai	V;PST.DUR
poi	poyantana	V;PFV;PST.yesterday
poi	poshina	V;PST.days
poi	popaoni	V;PST.REM
poi	pononkota	V;FUT.INM
poi	poi kai	V;IPFV;FUT.INM
poi	pobira	V;PFV;DUB
poi	pobirai	V;IPFV;DUB
poi	pokoinsi	V;ASER
poi	poanaka	V;EST;HAB_M
poi	pokatsi iki	V;DES
poi	porabea	V;PFV;DUAL
poi	porabei	V;IPFV;DUAL
poi	pobotana	V;EST;PLU
poi	poma	V;PFV;NEG
poi	pomai	V;IPFV;NEG
poi	pomashina	V;PST.days;NEG
poi	poyohma	V;NEG.never
poi	pokean	V;NEG.FRUS
poi	poberana	V;TR;PFV;MOV.VEN
poi	pokerana	V;INTR;PFV;MOV.VEN
poi	pobaina	V;TR;PFV;MOV.ANDA
poi	pokaina	V;INTR;PFV;MOV.ANDA
poi	pobokona	V;TR;PFV;MOV.around
poi	poakea	V;INTR;PFV;MOV.around
poi	poakea	V;PFV;MOV.passing
poi	popakea	V;PFV;MOV.down
poi	poina	V;PFV;MOV.up
poi	potana	V;PFV;MOV.goto
poi	pohona	V;PFV;BEN
poi	poarana	V;PFV;MAL
poi	pomakarana	V;PFV;CAU;MAL
poi	pomai	V;IPFV;CAU
poi	poma	V;PFV;CAU
poi	pohakoa	V;PFV;DIM
poi	pohekoi	V;IPFV;DIM
poi	poaranhakoa	V;PFV;MAL;DIM
poi	pohekoni	V;PST.REM;DIM
potai	pota	V;PFV
potai	potai	V;IPFV
potai	potamis	V;HAB_A
potai	potamisa	V;PFV;HAB_A
potai	potaisi	V;IPFV;PROG
potai	potari	V;PST.yet
potai	potabai	V;PST.DUR
potai	potayantana	V;PFV;PST.yesterday
potai	potashina	V;PST.days
potai	potapaoni	V;PST.REM
potai	potanonkota	V;FUT.INM
potai	potai kai	V;IPFV;FUT.INM
potai	potabira	V;PFV;DUB
potai	potabirai	V;IPFV;DUB
potai	potakoinsi	V;ASER
potai	potanaka	V;EST;HAB_M
potai	potakatsi iki	V;DES
potai	potarabea	V;PFV;DUAL
potai	potarabei	V;IPFV;DUAL
potai	potabotana	V;EST;PLU
potai	potama	V;PFV;NEG
potai	potamai	V;IPFV;NEG
potai	potamashina	V;PST.days;NEG
potai	potayohma	V;NEG.never
potai	potakean	V;NEG.FRUS
potai	potaberana	V;TR;PFV;MOV.VEN
potai	potakerana	V;INTR;PFV;MOV.VEN
potai	potabaina	V;TR;PFV;MOV.ANDA
potai	potakaina	V;INTR;PFV;MOV.ANDA
potai	potabokona	V;TR;PFV;MOV.around
potai	potakea	V;INTR;PFV;MOV.around
potai	potakea	V;PFV;MOV.passing
potai	potapakea	V;PFV;MOV.down
potai	potaina	V;PFV;MOV.up
potai	potatana	V;PFV;MOV.goto
potai	potahona	V;PFV;BEN
potai	potarana	V;PFV;MAL
potai	potamakarana	V;PFV;CAU;MAL
potai	potamai	V;IPFV;CAU
potai	potama	V;PFV;CAU
potai	potahakoa	V;PFV;DIM
potai	potahekoi	V;IPFV;DIM
potai	potaranhakoa	V;PFV;MAL;DIM
potai	potahekoni	V;PST.REM;DIM
rakai	raka	V;PFV
rakai	rakai	V;IPFV
rakai	rakamis	V;HAB_A
rakai	rakamisa	V;PFV;HAB_A
rakai	rakaisi	V;IPFV;PROG
rakai	rakari	V;PST.yet
rakai	rakabai	V;PST.DUR
rakai	rakayantana	V;PFV;PST.yesterday
rakai	rakashina	V;PST.days
rakai	rakapaoni	V;PST.REM
rakai	rakanonkota	V;FUT.INM
rakai	rakai kai	V;IPFV;FUT.INM
rakai	rakabira	V;PFV;DUB
rakai	rakabirai	V;IPFV;DUB
rakai	rakakoinsi	V;ASER
rakai	rakanaka	V;EST;HAB_M
rakai	rakakatsi iki	V;DES
rakai	rakarabea	V;PFV;DUAL
rakai	rakarabei	V;IPFV;DUAL
rakai	rakabotana	V;EST;PLU
rakai	rakama	V;PFV;NEG
rakai	rakamai	V;IPFV;NEG
rakai	rakamashina	V;PST.days;NEG
rakai	rakayohma	V;NEG.never
rakai	rakakean	V;NEG.FRUS
rakai	rakaberana	V;TR;PFV;MOV.VEN
rakai	rakakerana	V;INTR;PFV;MOV.VEN
rakai	rakabaina	V;TR;PFV;MOV.ANDA
rakai	rakakaina	V;INTR;PFV;MOV.ANDA
rakai	rakabokona	V;TR;PFV;MOV.around
rakai	rakakea	V;INTR;PFV;MOV.around
rakai	rakakea	V;PFV;MOV.passing
rakai	rakapakea	V;PFV;MOV.down
rakai	rakaina	V;PFV;MOV.up
rakai	rakatana	V;PFV;MOV.goto
rakai	rakahona	V;PFV;BEN
rakai	rakarana	V;PFV;MAL
rakai	rakamakarana	V;PFV;CAU;MAL
rakai	rakamai	V;IPFV;CAU
rakai	rakama	V;PFV;CAU
rakai	rakahakoa	V;PFV;DIM
rakai	rakahekoi	V;IPFV;DIM
rakai	rakaranhakoa	V;PFV;MAL;DIM
rakai	rakahekoni	V;PST.REM;DIM
rani	rana	V;PFV
rani	rani	V;IPFV
rani	ranmis	V;HAB_A
rani	ranmisa	V;PFV;HAB_A
rani	ranisi	V;IPFV;PROG
rani	ranri	V;PST.yet
rani	ranbai	V;PST.DUR
rani	ranyantana	V;PFV;PST.yesterday
rani	ranshina	V;PST.days
rani	ranpaoni	V;PST.REM
rani	ranonkota	V;FUT.INM
rani	rani kai	V;IPFV;FUT.INM
rani	ranbira	V;PFV;DUB
rani	ranbirai	V;IPFV;DUB
rani	rankoinsi	V;ASER
rani	rananaka	V;EST;HAB_M
rani	rankatsi iki	V;DES
rani	ranrabea	V;PFV;DUAL
rani	ranrabei	V;IPFV;DUAL
rani	ranbotana	V;EST;PLU
rani	ranma	V;PFV;NEG
rani	ranmai	V;IPFV;NEG
rani	ranmashina	V;PST.days;NEG
rani	ranyohma	V;NEG.never
rani	rankean	V;NEG.FRUS
rani	ranberana	V;TR;PFV;MOV.VEN
rani	rankerana	V;INTR;PFV;MOV.VEN
rani	ranbaina	V;TR;PFV;MOV.ANDA
rani	rankaina	V;INTR;PFV;MOV.ANDA
rani	ranbokona	V;TR;PFV;MOV.around
rani	ranakea	V;INTR;PFV;MOV.around
rani	ranakea	V;PFV;MOV.passing
rani	ranpakea	V;PFV;MOV.down
rani	ranina	V;PFV;MOV.up
rani	rantana	V;PFV;MOV.goto
rani	ranhona	V;PFV;BEN
rani	ranarana	V;PFV;MAL
rani	ranmakarana	V;PFV;CAU;MAL
rani	ranmai	V;IPFV;CAU
rani	ranma	V;PFV;CAU
rani	ranhakoa	V;PFV;DIM
rani	ranhekoi	V;IPFV;DIM
rani	ranaranhakoa	V;PFV;MAL;DIM
rani	ranhekoni	V;PST.REM;DIM
ratei	ratea	V;PFV
ratei	ratei	V;IPFV
ratei	ratemis	V;HAB_A
ratei	ratemisa	V;PFV;HAB_A
ratei	rateisi	V;IPFV;PROG
ratei	rateri	V;PST.yet
ratei	ratebai	V;PST.DUR
ratei	rateyantana	V;PFV;PST.yesterday
ratei	rateshina	V;PST.days
ratei	ratepaoni	V;PST.REM
ratei	ratenonkota	V;FUT.INM
ratei	ratei kai	V;IPFV;FUT.INM
ratei	ratebira	V;PFV;DUB
ratei	ratebirai	V;IPFV;DUB
ratei	ratekoinsi	V;ASER
ratei	rateanaka	V;EST;HAB_M
ratei	ratekatsi iki	V;DES
ratei	raterabea	V;PFV;DUAL
ratei	raterabei	V;IPFV;DUAL
ratei	ratebotana	V;EST;PLU
ratei	ratema	V;PFV;NEG
ratei	ratemai	V;IPFV;NEG
ratei	ratemashina	V;PST.days;NEG
ratei	rateyohma	V;NEG.never
ratei	ratekean	V;NEG.FRUS
ratei	rateberana	V;TR;PFV;MOV.VEN
ratei	ratekerana	V;INTR;PFV;MOV.VEN
ratei	ratebaina	V;TR;PFV;MOV.ANDA
ratei	ratekaina	V;INTR;PFV;MOV.ANDA
ratei	ratebokona	V;TR;PFV;MOV.around
ratei	rateakea	V;INTR;PFV;MOV.around
ratei	rateakea	V;PFV;MOV.passing
ratei	ratepakea	V;PFV;MOV.down
ratei	rateina	V;PFV;MOV.up
ratei	ratetana	V;PFV;MOV.goto
ratei	ratehona	V;PFV;BEN
ratei	ratearana	V;PFV;MAL
ratei	ratemakarana	V;PFV;CAU;MAL
ratei	ratemai	V;IPFV;CAU
ratei	ratema	V;PFV;CAU
ratei	ratehakoa	V;PFV;DIM
ratei	ratearanhakoa	V;PFV;MAL;DIM
sawei	sawea	V;PFV
sawei	sawei	V;IPFV
sawei	sawemis	V;HAB_A
sawei	sawemisa	V;PFV;HAB_A
sawei	saweisi	V;IPFV;PROG
sawei	saweri	V;PST.yet
sawei	sawebai	V;PST.DUR
sawei	saweyantana	V;PFV;PST.yesterday
sawei	saweshina	V;PST.days
sawei	sawepaoni	V;PST.REM
sawei	sawenonkota	V;FUT.INM
sawei	sawei kai	V;IPFV;FUT.INM
sawei	sawebira	V;PFV;DUB
sawei	sawebirai	V;IPFV;DUB
sawei	sawekoinsi	V;ASER
sawei	saweanaka	V;EST;HAB_M
sawei	sawekatsi iki	V;DES
sawei	sawerabea	V;PFV;DUAL
sawei	sawerabei	V;IPFV;DUAL
sawei	sawebotana	V;EST;PLU
sawei	sawema	V;PFV;NEG
sawei	sawemai	V;IPFV;NEG
sawei	sawemashina	V;PST.days;NEG
sawei	saweyohma	V;NEG.never
sawei	sawekean	V;NEG.FRUS
sawei	saweberana	V;TR;PFV;MOV.VEN
sawei	sawekerana	V;INTR;PFV;MOV.VEN
sawei	sawebaina	V;TR;PFV;MOV.ANDA
sawei	sawekaina	V;INTR;PFV;MOV.ANDA
sawei	sawebokona	V;TR;PFV;MOV.around
sawei	saweakea	V;INTR;PFV;MOV.around
sawei	saweakea	V;PFV;MOV.passing
sawei	sawepakea	V;PFV;MOV.down
sawei	saweina	V;PFV;MOV.up
sawei	sawetana	V;PFV;MOV.goto
sawei	sawehona	V;PFV;BEN
sawei	sawearana	V;PFV;MAL
sawei	sawemakarana	V;PFV;CAU;MAL
sawei	sawemai	V;IPFV;CAU
sawei	sawema	V;PFV;CAU
sawei	sawehakoa	V;PFV;DIM
sawei	sawehekoi	V;IPFV;DIM
sawei	sawearanhakoa	V;PFV;MAL;DIM
sawei	sawehekoni	V;PST.REM;DIM
senwei	senwei	V;IPFV
senwei	senwemis	V;HAB_A
senwei	senwemisa	V;PFV;HAB_A
senwei	senweisi	V;IPFV;PROG
senwei	senweri	V;PST.yet
senwei	senwebai	V;PST.DUR
senwei	senweyantana	V;PFV;PST.yesterday
senwei	senweshina	V;PST.days
senwei	senwepaoni	V;PST.REM
senwei	senwenonkota	V;FUT.INM
senwei	senwei kai	V;IPFV;FUT.INM
senwei	senwebira	V;PFV;DUB
senwei	senwebirai	V;IPFV;DUB
senwei	senwekoinsi	V;ASER
senwei	senweanaka	V;EST;HAB_M
senwei	senwekatsi iki	V;DES
senwei	senwerabea	V;PFV;DUAL
senwei	senwerabei	V;IPFV;DUAL
senwei	senwebotana	V;EST;PLU
senwei	senwema	V;PFV;NEG
senwei	senwemai	V;IPFV;NEG
senwei	senwemashina	V;PST.days;NEG
senwei	senweyohma	V;NEG.never
senwei	senwekean	V;NEG.FRUS
senwei	senweberana	V;TR;PFV;MOV.VEN
senwei	senwekerana	V;INTR;PFV;MOV.VEN
senwei	senwebaina	V;TR;PFV;MOV.ANDA
senwei	senwekaina	V;INTR;PFV;MOV.ANDA
senwei	senwebokona	V;TR;PFV;MOV.around
senwei	senweakea	V;INTR;PFV;MOV.around
senwei	senweakea	V;PFV;MOV.passing
senwei	senwepakea	V;PFV;MOV.down
senwei	senweina	V;PFV;MOV.up
senwei	senwetana	V;PFV;MOV.goto
senwei	senwehona	V;PFV;BEN
senwei	senwearana	V;PFV;MAL
senwei	senwemakarana	V;PFV;CAU;MAL
senwei	senwemai	V;IPFV;CAU
senwei	senwema	V;PFV;CAU
senwei	senwehakoa	V;PFV;DIM
senwei	senwehekoi	V;IPFV;DIM
senwei	senwearanhakoa	V;PFV;MAL;DIM
senwei	senwehekoni	V;PST.REM;DIM
shinain	shinaina	V;PFV
shinain	shinaini	V;IPFV
shinain	shinainmis	V;HAB_A
shinain	shinainmisa	V;PFV;HAB_A
shinain	shinainisi	V;IPFV;PROG
shinain	shinainri	V;PST.yet
shinain	shinainbai	V;PST.DUR
shinain	shinainyantana	V;PFV;PST.yesterday
shinain	shinainshina	V;PST.days
shinain	shinainpaoni	V;PST.REM
shinain	shinainonkota	V;FUT.INM
shinain	shinaini kai	V;IPFV;FUT.INM
shinain	shinainbira	V;PFV;DUB
shinain	shinainbirai	V;IPFV;DUB
shinain	shinainkoinsi	V;ASER
shinain	shinainanaka	V;EST;HAB_M
shinain	shinainkatsi iki	V;DES
shinain	shinainrabea	V;PFV;DUAL
shinain	shinainrabei	V;IPFV;DUAL
shinain	shinainbotana	V;EST;PLU
shinain	shinainma	V;PFV;NEG
shinain	shinainmai	V;IPFV;NEG
shinain	shinainmashina	V;PST.days;NEG
shinain	shinainyohma	V;NEG.never
shinain	shinainkean	V;NEG.FRUS
shinain	shinainberana	V;TR;PFV;MOV.VEN
shinain	shinainkerana	V;INTR;PFV;MOV.VEN
shinain	shinainbaina	V;TR;PFV;MOV.ANDA
shinain	shinainkaina	V;INTR;PFV;MOV.ANDA
shinain	shinainbokona	V;TR;PFV;MOV.around
shinain	shinainakea	V;INTR;PFV;MOV.around
shinain	shinainakea	V;PFV;MOV.passing
shinain	shinainpakea	V;PFV;MOV.down
shinain	shinainina	V;PFV;MOV.up
shinain	shinaintana	V;PFV;MOV.goto
shinain	shinainhona	V;PFV;BEN
shinain	shinainarana	V;PFV;MAL
shinain	shinainmakarana	V;PFV;CAU;MAL
shinain	shinainmai	V;IPFV;CAU
shinain	shinainma	V;PFV;CAU
shinain	shinainhakoa	V;PFV;DIM
shinain	shinainhekoi	V;IPFV;DIM
shinain	shinainaranhakoa	V;PFV;MAL;DIM
shinain	shinainhekoni	V;PST.REM;DIM
tsekai	tseka	V;PFV
tsekai	tsekai	V;IPFV
tsekai	tsekamis	V;HAB_A
tsekai	tsekamisa	V;PFV;HAB_A
tsekai	tsekaisi	V;IPFV;PROG
tsekai	tsekari	V;PST.yet
tsekai	tsekabai	V;PST.DUR
tsekai	tsekayantana	V;PFV;PST.yesterday
tsekai	tsekashina	V;PST.days
tsekai	tsekapaoni	V;PST.REM
tsekai	tsekanonkota	V;FUT.INM
tsekai	tsekai kai	V;IPFV;FUT.INM
tsekai	tsekabira	V;PFV;DUB
tsekai	tsekabirai	V;IPFV;DUB
tsekai	tsekakoinsi	V;ASER
tsekai	tsekanaka	V;EST;HAB_M
tsekai	tsekakatsi iki	V;DES
tsekai	tsekarabea	V;PFV;DUAL
tsekai	tsekarabei	V;IPFV;DUAL
tsekai	tsekabotana	V;EST;PLU
tsekai	tsekama	V;PFV;NEG
tsekai	tsekamai	V;IPFV;NEG
tsekai	tsekamashina	V;PST.days;NEG
tsekai	tsekayohma	V;NEG.never
tsekai	tsekakean	V;NEG.FRUS
tsekai	tsekaberana	V;TR;PFV;MOV.VEN
tsekai	tsekakerana	V;INTR;PFV;MOV.VEN
tsekai	tsekabaina	V;TR;PFV;MOV.ANDA
tsekai	tsekakaina	V;INTR;PFV;MOV.ANDA
tsekai	tsekabokona	V;TR;PFV;MOV.around
tsekai	tsekakea	V;INTR;PFV;MOV.around
tsekai	tsekakea	V;PFV;MOV.passing
tsekai	tsekapakea	V;PFV;MOV.down
tsekai	tsekaina	V;PFV;MOV.up
tsekai	tsekatana	V;PFV;MOV.goto
tsekai	tsekahona	V;PFV;BEN
tsekai	tsekarana	V;PFV;MAL
tsekai	tsekamakarana	V;PFV;CAU;MAL
tsekai	tsekamai	V;IPFV;CAU
tsekai	tsekama	V;PFV;CAU
tsekai	tsekahakoa	V;PFV;DIM
tsekai	tsekahekoi	V;IPFV;DIM
tsekai	tsekaranhakoa	V;PFV;MAL;DIM
tsekai	tsekahekoni	V;PST.REM;DIM
tsomi	tsoma	V;PFV
tsomi	tsomi	V;IPFV
tsomi	tsomis	V;HAB_A
tsomi	tsomisa	V;PFV;HAB_A
tsomi	tsomisi	V;IPFV;PROG
tsomi	tsomri	V;PST.yet
tsomi	tsombai	V;PST.DUR
tsomi	tsomyantana	V;PFV;PST.yesterday
tsomi	tsomshina	V;PST.days
tsomi	tsompaoni	V;PST.REM
tsomi	tsomnonkota	V;FUT.INM
tsomi	tsomi kai	V;IPFV;FUT.INM
tsomi	tsombira	V;PFV;DUB
tsomi	tsombirai	V;IPFV;DUB
tsomi	tsomkoinsi	V;ASER
tsomi	tsomanaka	V;EST;HAB_M
tsomi	tsomkatsi iki	V;DES
tsomi	tsomrabea	V;PFV;DUAL
tsomi	tsomrabei	V;IPFV;DUAL
tsomi	tsombotana	V;EST;PLU
tsomi	tsoma	V;PFV;NEG
tsomi	tsomai	V;IPFV;NEG
tsomi	tsomashina	V;PST.days;NEG
tsomi	tsomyohma	V;NEG.never
tsomi	tsomkean	V;NEG.FRUS
tsomi	tsomberana	V;TR;PFV;MOV.VEN
tsomi	tsomkerana	V;INTR;PFV;MOV.VEN
tsomi	tsombaina	V;TR;PFV;MOV.ANDA
tsomi	tsomkaina	V;INTR;PFV;MOV.ANDA
tsomi	tsombokona	V;TR;PFV;MOV.around
tsomi	tsomakea	V;INTR;PFV;MOV.around
tsomi	tsomakea	V;PFV;MOV.passing
tsomi	tsompakea	V;PFV;MOV.down
tsomi	tsomina	V;PFV;MOV.up
tsomi	tsomtana	V;PFV;MOV.goto
tsomi	tsomhona	V;PFV;BEN
tsomi	tsomarana	V;PFV;MAL
tsomi	tsomakarana	V;PFV;CAU;MAL
tsomi	tsomai	V;IPFV;CAU
tsomi	tsoma	V;PFV;CAU
tsomi	tsomhakoa	V;PFV;DIM
tsomi	tsomhekoi	V;IPFV;DIM
tsomi	tsomaranhakoa	V;PFV;MAL;DIM
tsomi	tsomhekoni	V;PST.REM;DIM
yamasa	yamasa	V;PFV
yamasa	yamasi	V;IPFV
yamasa	yamasmis	V;HAB_A
yamasa	yamasmisa	V;PFV;HAB_A
yamasa	yamasisi	V;IPFV;PROG
yamasa	yamasri	V;PST.yet
yamasa	yamasbai	V;PST.DUR
yamasa	yamasyantana	V;PFV;PST.yesterday
yamasa	yamashina	V;PST.days
yamasa	yamaspaoni	V;PST.REM
yamasa	yamasnonkota	V;FUT.INM
yamasa	yamasi kai	V;IPFV;FUT.INM
yamasa	yamasbira	V;PFV;DUB
yamasa	yamasbirai	V;IPFV;DUB
yamasa	yamaskoinsi	V;ASER
yamasa	yamasanaka	V;EST;HAB_M
yamasa	yamaskatsi iki	V;DES
yamasa	yamasrabea	V;PFV;DUAL
yamasa	yamasrabei	V;IPFV;DUAL
yamasa	yamasbotana	V;EST;PLU
yamasa	yamasma	V;PFV;NEG
yamasa	yamasmai	V;IPFV;NEG
yamasa	yamasmashina	V;PST.days;NEG
yamasa	yamasyohma	V;NEG.never
yamasa	yamaskean	V;NEG.FRUS
yamasa	yamasberana	V;TR;PFV;MOV.VEN
yamasa	yamaskerana	V;INTR;PFV;MOV.VEN
yamasa	yamasbaina	V;TR;PFV;MOV.ANDA
yamasa	yamaskaina	V;INTR;PFV;MOV.ANDA
yamasa	yamasbokona	V;TR;PFV;MOV.around
yamasa	yamasakea	V;INTR;PFV;MOV.around
yamasa	yamasakea	V;PFV;MOV.passing
yamasa	yamaspakea	V;PFV;MOV.down
yamasa	yamasina	V;PFV;MOV.up
yamasa	yamastana	V;PFV;MOV.goto
yamasa	yamashona	V;PFV;BEN
yamasa	yamasarana	V;PFV;MAL
yamasa	yamasmakarana	V;PFV;CAU;MAL
yamasa	yamasmai	V;IPFV;CAU
yamasa	yamasma	V;PFV;CAU
yamasa	yamashakoa	V;PFV;DIM
yamasa	yamashekoi	V;IPFV;DIM
yamasa	yamasaranhakoa	V;PFV;MAL;DIM
yamasa	yamashekoni	V;PST.REM;DIM
yoi	yoa	V;PFV
yoi	yomis	V;HAB_A
yoi	yomisa	V;PFV;HAB_A
yoi	yoisi	V;IPFV;PROG
yoi	yori	V;PST.yet
yoi	yobai	V;PST.DUR
yoi	yoyantana	V;PFV;PST.yesterday
yoi	yoshina	V;PST.days
yoi	yopaoni	V;PST.REM
yoi	yononkota	V;FUT.INM
yoi	yoi kai	V;IPFV;FUT.INM
yoi	yobira	V;PFV;DUB
yoi	yobirai	V;IPFV;DUB
yoi	yokoinsi	V;ASER
yoi	yoanaka	V;EST;HAB_M
yoi	yokatsi iki	V;DES
yoi	yorabea	V;PFV;DUAL
yoi	yorabei	V;IPFV;DUAL
yoi	yobotana	V;EST;PLU
yoi	yoma	V;PFV;NEG
yoi	yomai	V;IPFV;NEG
yoi	yomashina	V;PST.days;NEG
yoi	yoyohma	V;NEG.never
yoi	yokean	V;NEG.FRUS
yoi	yoberana	V;TR;PFV;MOV.VEN
yoi	yokerana	V;INTR;PFV;MOV.VEN
yoi	yobaina	V;TR;PFV;MOV.ANDA
yoi	yokaina	V;INTR;PFV;MOV.ANDA
yoi	yobokona	V;TR;PFV;MOV.around
yoi	yoakea	V;INTR;PFV;MOV.around
yoi	yoakea	V;PFV;MOV.passing
yoi	yopakea	V;PFV;MOV.down
yoi	yoina	V;PFV;MOV.up
yoi	yotana	V;PFV;MOV.goto
yoi	yohona	V;PFV;BEN
yoi	yoarana	V;PFV;MAL
yoi	yomakarana	V;PFV;CAU;MAL
yoi	yomai	V;IPFV;CAU
yoi	yoma	V;PFV;CAU
yoi	yohakoa	V;PFV;DIM
yoi	yohekoi	V;IPFV;DIM
yoi	yoaranhakoa	V;PFV;MAL;DIM
yoi	yohekoni	V;PST.REM;DIM
yoishiki	yoishika	V;PFV
yoishiki	yoishiki	V;IPFV
yoishiki	yoishikmis	V;HAB_A
yoishiki	yoishikmisa	V;PFV;HAB_A
yoishiki	yoishikisi	V;IPFV;PROG
yoishiki	yoishikri	V;PST.yet
yoishiki	yoishikbai	V;PST.DUR
yoishiki	yoishikyantana	V;PFV;PST.yesterday
yoishiki	yoishikshina	V;PST.days
yoishiki	yoishikpaoni	V;PST.REM
yoishiki	yoishiknonkota	V;FUT.INM
yoishiki	yoishiki kai	V;IPFV;FUT.INM
yoishiki	yoishikbira	V;PFV;DUB
yoishiki	yoishikbirai	V;IPFV;DUB
yoishiki	yoishikoinsi	V;ASER
yoishiki	yoishikanaka	V;EST;HAB_M
yoishiki	yoishikatsi iki	V;DES
yoishiki	yoishikrabea	V;PFV;DUAL
yoishiki	yoishikrabei	V;IPFV;DUAL
yoishiki	yoishikbotana	V;EST;PLU
yoishiki	yoishikma	V;PFV;NEG
yoishiki	yoishikmai	V;IPFV;NEG
yoishiki	yoishikmashina	V;PST.days;NEG
yoishiki	yoishikyohma	V;NEG.never
yoishiki	yoishikean	V;NEG.FRUS
yoishiki	yoishikberana	V;TR;PFV;MOV.VEN
yoishiki	yoishikerana	V;INTR;PFV;MOV.VEN
yoishiki	yoishikbaina	V;TR;PFV;MOV.ANDA
yoishiki	yoishikaina	V;INTR;PFV;MOV.ANDA
yoishiki	yoishikbokona	V;TR;PFV;MOV.around
yoishiki	yoishikakea	V;INTR;PFV;MOV.around
yoishiki	yoishikakea	V;PFV;MOV.passing
yoishiki	yoishikpakea	V;PFV;MOV.down
yoishiki	yoishikina	V;PFV;MOV.up
yoishiki	yoishiktana	V;PFV;MOV.goto
yoishiki	yoishikhona	V;PFV;BEN
yoishiki	yoishikarana	V;PFV;MAL
yoishiki	yoishikmakarana	V;PFV;CAU;MAL
yoishiki	yoishikmai	V;IPFV;CAU
yoishiki	yoishikma	V;PFV;CAU
yoishiki	yoishikhakoa	V;PFV;DIM
yoishiki	yoishikhekoi	V;IPFV;DIM
yoishiki	yoishikaranhakoa	V;PFV;MAL;DIM
yoishiki	yoishikhekoni	V;PST.REM;DIM
rete	retei	V;IPFV
rete	retemis	V;HAB_A
rete	retemisa	V;PFV;HAB_A
rete	reteisi	V;IPFV;PROG
rete	reteri	V;PST.yet
rete	retebai	V;PST.DUR
rete	reteyantana	V;PFV;PST.yesterday
rete	reteshina	V;PST.days
rete	retepaoni	V;PST.REM
rete	retenonkota	V;FUT.INM
rete	retei kai	V;IPFV;FUT.INM
rete	retebira	V;PFV;DUB
rete	retebirai	V;IPFV;DUB
rete	retekoinsi	V;ASER
rete	reteanaka	V;EST;HAB_M
rete	retekatsi iki	V;DES
rete	reterabea	V;PFV;DUAL
rete	reterabei	V;IPFV;DUAL
rete	retebotana	V;EST;PLU
rete	retema	V;PFV;NEG
rete	retemai	V;IPFV;NEG
rete	retemashina	V;PST.days;NEG
rete	reteyohma	V;NEG.never
rete	retekean	V;NEG.FRUS
rete	reteberana	V;TR;PFV;MOV.VEN
rete	retekerana	V;INTR;PFV;MOV.VEN
rete	retebaina	V;TR;PFV;MOV.ANDA
rete	retekaina	V;INTR;PFV;MOV.ANDA
rete	retebokona	V;TR;PFV;MOV.around
rete	reteakea	V;INTR;PFV;MOV.around
rete	reteakea	V;PFV;MOV.passing
rete	retepakea	V;PFV;MOV.down
rete	reteina	V;PFV;MOV.up
rete	retetana	V;PFV;MOV.goto
rete	retehona	V;PFV;BEN
rete	retearana	V;PFV;MAL
rete	retemakarana	V;PFV;CAU;MAL
rete	retemai	V;IPFV;CAU
rete	retema	V;PFV;CAU
rete	retehakoa	V;PFV;DIM
rete	retehekoi	V;IPFV;DIM
rete	retearanhakoa	V;PFV;MAL;DIM
rete	retehekoni	V;PST.REM;DIM
